Id,Label,name,popularity,genres,modularity_class,genres_mapped
2R21vXR83lH98kGeO99Y66,Anuel AA,Anuel AA,89,reggaeton;trap latino;urbano latino;latin,3,reggaeton;trap
4SsVbpTthjScTS7U2hmr1X,Arcángel,Arcángel,86,reggaeton;trap latino;urbano latino,0,reggaeton;trap
4q3ewBCX7sLwd24euuV69X,Bad Bunny,Bad Bunny,98,reggaeton;trap latino;urbano latino;latin,4,reggaeton;trap
2C6i0I5RiGzDKN9IAF8reh,Banda MS de Sergio Lizárraga,Banda MS de Sergio Lizárraga,81,banda;norteño;grupera;música mexicana;ranchera;corrido,12,banda;corridos
0v7JYEoQOQbzNNESKwxmzT,Banda Tierra Sagrada,Banda Tierra Sagrada,62,banda;corrido,12,banda;corridos
5QS9NAK4AgJPTcRe472pZA,Bb trickz,Bb trickz,62,,8,
4obzFoKoKRHIphyHzJ35G3,Becky G,Becky G,77,reggaeton;latin,6,reggaeton;latin
0cr0zp1CI5bVOrXaVzfpUI,bic,bic,33,,14,
716NhGYqD1jl2wI1Qkgq36,Bizarrap,Bizarrap,81,argentine trap;trap latino;urbano latino,1,trap
6w3SkAHYPsQ1bxV7VDlG5y,Cazzu,Cazzu,76,argentine trap;trap latino;turreo,1,trap;rkt
1Yj5Xey7kTwvZla8sqdsdE,Cris MJ,Cris MJ,83,reggaeton chileno;chilean trap;chilean mambo;reggaeton,12,reggaeton;trap
4VMYDCV2IEDYJArk749S6m,Daddy Yankee,Daddy Yankee,89,reggaeton;latin,4,reggaeton;latin
1bAftSH8umNcGZ0uyV7LMg,Duki,Duki,81,argentine trap;trap;trap latino,1,trap
5XJDexmWFLWOkjOEjOVX3e,Eladio Carrion,Eladio Carrion,81,trap latino;urbano latino,1,trap
0AqlFI0tz2DsEoJlKSIiT9,Emilia,Emilia,76,argentine trap,1,trap
0XeEobZplHxzM9QzFQWLiR,Eslabon Armado,Eslabon Armado,78,corridos tumbados;sad sierreño;corrido;sierreño;música mexicana;corridos bélicos,2,corridos;banda
2LRoIwlKmHjgvigdNGBHNo,Feid,Feid,88,reggaeton;urbano latino,4,reggaeton;trap
0ys2OFYzWYB5hRDLCsBqxt,Fuerza Regida,Fuerza Regida,92,corrido;corridos tumbados;corridos bélicos;música mexicana;sierreño;banda;sad sierreño;electro corridos,2,corridos;banda
6Sbl0NT50roqWvy746MfVf,Gabito Ballesteros,Gabito Ballesteros,82,corrido;corridos tumbados;corridos bélicos;música mexicana;sad sierreño;electro corridos;sierreño;banda,2,corridos;banda
1dKdetem2xEmjgvyymzytS,Grupo Firme,Grupo Firme,83,banda;corrido;norteño;sierreño;grupera;ranchera;música mexicana,12,banda;corridos
6XkjpgcEsYab502Vr1bBeW,Grupo Frontera,Grupo Frontera,86,cumbia norteña;banda;norteño;música mexicana;corrido;corridos tumbados;grupera;tejano;ranchera,2,banda;corridos
7Gi6gjaWy3DxyilpF1a8Is,Junior H,Junior H,90,corridos tumbados;corrido;corridos bélicos;sad sierreño;sierreño;música mexicana;banda,2,corridos;banda
790FomKkXshlbRYZFtlgla,KAROL G,KAROL G,89,reggaeton;latin;urbano latino,4,reggaeton;latin
4m6ubhNsdwF4psNf3R8kwR,KHEA,KHEA,74,argentine trap;trap;trap latino,1,trap
49EE6lVLgU8sp7dFgPshgM,La Adictiva,La Adictiva,72,banda;norteño;grupera,12,banda
5bSfBBCxY8QAk4Pifveisz,La Arrolladora Banda El Limón De Rene Camacho,La Arrolladora Banda El Limón De Rene Camacho,83,banda;norteño;grupera,12,banda
4IRXvbsbSP4oHm4adUdQlt,Laura sad,Laura sad,34,,7,
4UqfXEVibVEPfoopm7Pduc,Los 2 de la S,Los 2 de la S,57,banda;sierreño;norteño,12,banda;corridos
0pePYDrJGk8gqMRbXrLJC8,Luis R Conriquez,Luis R Conriquez,83,corrido;corridos bélicos;corridos tumbados;electro corridos;dembow belico;banda;sierreño;sad sierreño;música mexicana,2,corridos;dembow
19HM5j0ULGSmEoRcrSe5x3,Milo j,Milo j,85,argentine trap,1,trap
0Q8NcsJwoCbZOHHW63su5S,Mora,Mora,83,urbano latino;trap latino;reggaeton,4,trap;reggaeton
7iK8PXO48WeuP03g8YR51W,Myke Towers,Myke Towers,87,reggaeton;trap latino;urbano latino,0,reggaeton;trap
0elWFr7TW8piilVRYJUe4P,Natanael Cano,Natanael Cano,86,corridos tumbados;corrido;corridos bélicos;sierreño;sad sierreño;electro corridos;música mexicana;banda,2,corridos;banda
2UZIAOlrnyZmyzt1nuXr9y,Nicki Nicole,Nicki Nicole,75,argentine trap,1,trap
3l9G1G9MxH6DaRhwLklaf5,Oscar Maydon,Oscar Maydon,84,corrido;corridos tumbados;corridos bélicos;electro corridos;dembow belico;sad sierreño;sierreño,2,corridos;dembow
1i8SpTcr7yvPOmcqrbnVXY,Ozuna,Ozuna,89,reggaeton;trap latino;latin;urbano latino,3,reggaeton;trap
3vQ0GE3mI0dAaxIMYe5g7z,Paulo Londra,Paulo Londra,77,argentine trap;trap latino;reggaeton,1,trap;reggaeton
12GqGscKJx3aE4t07u7eVZ,Peso Pluma,Peso Pluma,89,corrido;corridos tumbados;corridos bélicos;música mexicana;sad sierreño;banda,2,corridos;banda
52iwsT98xCoGgiGntTiR7K,Quevedo,Quevedo,84,,4,
1mcTU81TzQhprhouKaTkpq,Rauw Alejandro,Rauw Alejandro,90,reggaeton;urbano latino;trap latino;latin,9,reggaeton;trap
04mTej6RpWzBxGwhfThpIi,Rojuu,Rojuu,62,hyperpop,8,hyperpop
3QchzUOTSCKWmaRGEEiuir,Saramalacara,Saramalacara,58,hyperpop;argentine trap,8,hyperpop;trap
77ziqFxp5gaInVrF2lj4ht,Sech,Sech,80,reggaeton;urbano latino,4,reggaeton;trap
0GM7qgcRCORpGnfcN2tCiB,Tainy,Tainy,80,reggaeton,4,reggaeton
5eumcnUkdmGvkvcsx1WFNG,Tito Double P,Tito Double P,86,corrido;corridos tumbados;corridos bélicos;electro corridos;dembow belico;música mexicana,2,corridos;dembow
0eHQ9o50hj6ZDNBt6Ys1sD,Yandel,Yandel,79,reggaeton;urbano latino;latin,4,reggaeton;trap
3qsKSpcV3ncke3hw52JSMB,Young Miko,Young Miko,78,trap latino,10,trap
4aSlfXDn9R60UlbZEboBUy,YOVNGCHIMI,YOVNGCHIMI,70,trap latino;urbano latino,3,trap
1KUm2LsC3HnPKHvIoo4cKu,Ysrael Barajas,Ysrael Barajas,63,electro corridos;corrido;corridos tumbados;corridos bélicos;dembow belico;sad sierreño,5,corridos;dembow
12vb80Km0Ew53ABfJOepVz,Ñengo Flow,Ñengo Flow,83,reggaeton;trap latino,0,reggaeton;trap
12lHTAdc9T204lw5qPtasv,Foreign Teck,Foreign Teck,57,trap latino,3,trap
1TA5sGRlKUJXBN4ZyJuDIX,Blessd,Blessd,85,reggaeton;urbano latino,4,reggaeton;trap
5VdG4Pm8hryqK7jAkdFlIo,Cheo Gallego,Cheo Gallego,49,,10,
1GDbiv3spRmZ1XdM1jQbT7,NATTI NATASHA,NATTI NATASHA,73,reggaeton;latin;urbano latino;bachata,0,reggaeton;latin
5rHC8VSODpT9V7a8ZQu1h6,ORO600,ORO600,51,argentine trap,1,trap
0vd9wwMIQeKaNQsaHUbcl2,Arsenal De Guerra,Arsenal De Guerra,18,corrido;corridos bélicos,2,corridos
2YTyoyU90b3CF5x91YjVaQ,Playero,Playero,56,reggaeton,9,reggaeton
1lpOgw56wZLDa8gaP6bSIs,Fast & Furious: The Fast Saga,Fast & Furious: The Fast Saga,61,phonk;drift phonk,0,phonk
6LOvxDn71T0wWhCDNcXcUj,Banda Carnaval,Banda Carnaval,63,banda;norteño,12,banda
55Aa2cqylxrFIXC767Z865,Lil Wayne,Lil Wayne,88,rap;hip hop,3,hip hop
029uS2pMvwk0TsIUTHkyyw,Amaro,Amaro,55,reggaeton,0,reggaeton
4kYSro6naA4h99UJvo89HB,Cardi B,Cardi B,82,,3,
7lCRuW6BSXGAsxuQV9lR0i,Gigolo Y La Exce,Gigolo Y La Exce,64,trap latino;reggaeton,0,trap;reggaeton
6RPeBghYnSwGV6FOw7huuN,Esteban Gabriel,Esteban Gabriel,56,corridos tumbados;corrido;sad sierreño;sierreño;música mexicana,2,corridos;banda
3BQAQ5pSX01pjomONRW4ty,Wise,Wise,44,reggaeton,0,reggaeton
3m5qlPf2OkihLz3dRYnkPA,Ovy On The Drums,Ovy On The Drums,84,reggaeton,4,reggaeton
4QFG9KrGWEbr6hNA58CAqE,Alemán,Alemán,79,mexican hip hop;latin hip hop;electro corridos,2,trap;corridos
5gpZDWWbuzTAEzPAGHcSqY,Santino Villarruel,Santino Villarruel,34,,1,
74NBPbyyftqJ4SpDZ4c1Ed,Tom Morello,Tom Morello,66,,10,
7H4WTvvOCWtAuj3gMoldrt,Fido,Fido,24,,4,
2lcWprkQW6ehqKep82rWnC,Moffa,Moffa,41,urbano latino,4,trap
2ydZrTy8U3kOMOzx20s3dg,DJ Nelson,DJ Nelson,70,reggaeton,0,reggaeton
5xp0m6dRz284in9nArK60v,Octubre Doce,Octubre Doce,40,,12,
0x5lhIYknBUEozHuXjkwUs,Galee Galee,Galee Galee,56,chilean trap;reggaeton chileno;chilean mambo;mambo,12,trap;reggaeton
2TzPi0fPdqVesjZ3Y2wY43,Orslok,Orslok,45,hyperpop,8,hyperpop
7AUgYiThuW80zSOwY7Ub2g,El Mimoso Luis Antonio López,El Mimoso Luis Antonio López,67,banda;norteño;grupera,12,banda
66ihevNkSYNzRAl44dx6jJ,Carín León,Carín León,85,banda;norteño;sierreño;corrido;ranchera;grupera;sad sierreño,2,banda;corridos
1SupJlEpv7RS2tPNRaHViT,Nicky Jam,Nicky Jam,83,reggaeton;latin,4,reggaeton;latin
2KtMll7bpqySnZhr8wriRE,CDobleta,CDobleta,63,trap latino,3,trap
3KdCAZSWpRrPO0GTPnzsYV,KARBeats,KARBeats,60,,0,
7MNP6nVHIDvPCRvfCeAJpF,Pressure 9X19,Pressure 9X19,59,trap latino,3,trap
4WzBqbc7fxl2y8XrznMSqf,Candelita,Candelita,37,,12,
3aWnyANApsrS1yIpPu873P,Los Pikadientes De Caborca,Los Pikadientes De Caborca,42,cumbia norteña;cumbia;norteño;sierreño;música mexicana,2,banda;cumbia
09Hzsy5bgnADJzIVlYUoQ3,Los Minis de Caborca,Los Minis de Caborca,51,corrido;corridos bélicos;sierreño;corridos tumbados,2,corridos
329e4yvIujISKGKz1BZZbO,Farruko,Farruko,85,reggaeton;trap latino,0,reggaeton;trap
3dC19P4w1BbDuwCailjybv,Nes,Nes,66,reggaeton chileno;chilean trap;reggaeton mexa;chilean mambo,12,reggaeton;trap
1IxZyCzEKTCm8z7gSgyfTU,fish narc,fish narc,40,emo rap;cloud rap,8,
6dLuQ5qXxIuWc5urxfIiZR,Calle 24,Calle 24,79,corrido;corridos tumbados;corridos bélicos;electro corridos;sad sierreño,2,corridos
2eqoJbzUGDwys5ENUkbT3h,J.I the Prince of N.Y,J.I the Prince of N.Y,60,,0,
0dUyjgCyjfj5eMx6bX2TWf,FMK,FMK,66,argentine trap,1,trap
37BIBvfliXJpSgn10yQUJM,Mr. Naisgai,Mr. Naisgai,57,reggaeton,0,reggaeton
0IoWUuXfqpkfpxBRzthHU4,Codiciado,Codiciado,67,corrido;corridos bélicos;corridos tumbados;banda,2,corridos;banda
6j3TVnrOKJQYWcX5YKLMkV,Ela Conem,Ela Conem,23,,7,
31VFEohvhOUKrtAONEBhMG,Kenia Os,Kenia Os,71,reggaeton mexa,2,reggaeton
34Y0ldeyUv7jBvukWOGASO,Bobby Shmurda,Bobby Shmurda,58,,4,
3nuuzbcB3ZdqrEQYqR2SQJ,Lui-G 21+,Lui-G 21+,42,reggaeton,0,reggaeton
5CiGnKThu5ctn9pBxv7DGa,benny blanco,benny blanco,75,,0,
4Enz9bGPvgSkKRLyLeQL43,Magicenelbeat,Magicenelbeat,48,reggaeton chileno;chilean trap;chilean mambo,12,reggaeton;trap
7C69hD7HaCYbhgrVqYiHXU,Natalie López,Natalie López,11,sad sierreño;corridos tumbados;corrido;sierreño,2,corridos
5lwmRuXgjX8xIwlnauTZIP,Romeo Santos,Romeo Santos,87,bachata;latin,4,bachata;latin
7bawudKqKlcw3ZwLpI5FWu,Producto Sin Corte,Producto Sin Corte,39,trap latino,3,trap
12m4a5ljGoe6yyYPpVi7Hr,E.VAX,E.VAX,49,,4,
5U0j7qddH2BMJDF3NOXS96,DJ Ricky,DJ Ricky,20,salsa choke;merengue,0,merengue
5QcHBpoxrY7vx3ulMKEvTS,Chiquis,Chiquis,45,latin country;música mexicana;banda,6,banda
1GKIlPFdcewHtpDVCQ8zmJ,Brray,Brray,72,reggaeton;urbano latino,0,reggaeton;trap
01rgao9OzfBm2BOHWJpi1Y,Espinoza Paz,Espinoza Paz,69,banda;ranchera;popular colombian music;norteño;grupera;mariachi,12,banda
0aULg7LximLNhI6lLzxcXI,RØZ,RØZ,66,electro corridos,2,corridos
0v4ZR80GST5lTyY4b6UEzR,DRED BEY,DRED BEY,38,,8,
1TtXnWcUs0FCkaZDPGYHdf,Darell,Darell,77,reggaeton;trap latino;dembow;urbano latino,3,reggaeton;trap
0ocHleb3SllGNQQcDH35Xz,Herencia De Grandes,Herencia De Grandes,78,corrido;corridos bélicos,2,corridos
6goQbtqjPhPns8RVRXTyp7,Mda,Mda,52,hyperpop,8,hyperpop
3IYKcXI1sFqT1ZtfyoW55C,Knak,Knak,52,argentine trap,1,trap
6S2OmqARrzebs0tKUEyXyp,Demi Lovato,Demi Lovato,79,,12,
035LjRuKfMDQ2Xtlb4gqB6,Adal,Adal,37,corridos tumbados;corrido;corridos bélicos,2,corridos
7gR53ad9JjCweCv4f9MWEX,Eddy Lover,Eddy Lover,67,reggaeton,4,reggaeton
2FzRIRtYVDBIJBvTqh7xzQ,Xiyo,Xiyo,64,neoperreo,3,experimental
4EcIU574ksr6mC1GMEOe0p,Midel,Midel,50,argentine trap;trap,1,trap
5TcnuUD5MHBfd1cO4kweWD,Alex Favela,Alex Favela,60,electro corridos;dembow belico;corrido;corridos tumbados;corridos bélicos,5,corridos;dembow
2PxnKk0fTNgMzm5pY6tINL,Yaisel LM,Yaisel LM,51,dembow,3,dembow
4y4uRSNiwurNnkWn9I0z7R,Plan de Escape,Plan de Escape,45,electro corridos;corrido;dembow belico;sierreño,12,corridos;dembow
33mpx3IrKw93IM1C8tVSQi,Lisan Beat,Lisan Beat,46,argentine trap,1,trap
1XtR9vPQD6cjmHlR5PuHPu,Kevin AMF,Kevin AMF,70,electro corridos;dembow belico;corrido;corridos tumbados;reggaeton mexa;dembow;corridos bélicos,8,corridos;dembow
30CTTIqrcr82nS6B40j975,Robot95,Robot95,60,mexican hip hop;latin hip hop,2,trap
5LXWGcBr4mojJnf51Beuf6,Saga WhiteBlack,Saga WhiteBlack,36,,1,
6iyPY9ZvEGeB5mswBjwwNi,Alexis,Alexis,41,hi-nrg,4,
4kh6gKONPBfkCCd818b1PS,Daniel Vazquez,Daniel Vazquez,37,corrido;corridos bélicos;electro corridos;dembow belico;sierreño,5,corridos;dembow
4hH0kU21cZ8vbWNuRhXk7v,Tito Flow,Tito Flow,43,,0,
1RBzGO6Nm3uyhUSxP7EDWO,KEVIN ROLDAN,KEVIN ROLDAN,71,reggaeton;trap latino;urbano latino,4,reggaeton;trap
2dHbjVgpO3NvzY8D7yZvji,Donaty,Donaty,58,dembow,4,dembow
1QbKnLuatJMdjY8dFx7Nru,Nesty La Mente Maestra,Nesty La Mente Maestra,39,,0,
0ONc371uQqOdKkCwsrcp9Z,Clutchill,Clutchill,41,hyperpop,8,hyperpop
3CjPghA9sowRwFGSrU038J,Junkie Kid,Junkie Kid,56,hard techno;big room,1,electronic
43QAcxJuLK8pBo8yKn2Vgz,Juanillo Diaz,Juanillo Diaz,26,corridos tumbados;corrido,2,corridos
3PpJbrAbphauEun8Xf9tD2,Theodora,Theodora,77,shatta;french rap,8,
7pESOE4dEq8Yk4OKlJa3pS,Panter Bélico,Panter Bélico,70,corrido;corridos bélicos;corridos tumbados;banda;sierreño,2,corridos;banda
6VcsqZOR5AtEOGeAtmutCZ,Esau Ortiz,Esau Ortiz,65,electro corridos;dembow belico;corrido;corridos tumbados,2,corridos;dembow
2e4nwiX8ZCU09LGLOpeqTH,Laura Pausini,Laura Pausini,75,latin pop,9,latin
0tR60pwxQ5WKjPxQcKoCQ7,Messiah,Messiah,61,trap latino;dembow,0,trap;dembow
5D7x9esAF6twPxuOqSMkeO,Justin Morales,Justin Morales,51,corridos tumbados;corrido;corridos bélicos,2,corridos
1X6cBGnXpEpN7CmflLKmLV,Kizz Daniel,Kizz Daniel,70,afrobeats;afrobeat;afropop;afropiano;hiplife;afro r&b,6,afro
14CVFYbyTHSbffeB0iyoDI,Carlos Torres,Carlos Torres,19,corridos tumbados;corrido,2,corridos
7KqZWDfO2BUR5ijW9CBWPe,Chalko,Chalko,29,,0,
20qISvAhX20dpIbOOzGK3q,Nas,Nas,75,old school hip hop;east coast hip hop;hip hop,4,hip hop
5kCv5opFav2P7nPl8FiEQx,Conep,Conep,54,trap latino,3,trap
0TC8XvQTSQMh4beW43FsAH,Austin San,Austin San,51,,0,
0wTR1DXxJ3Ok60O4K4U9WT,Mir Nicolas,Mir Nicolas,47,boom bap,1,hip hop
4r63FhuTkUYltbVAg5TQnk,DaBaby,DaBaby,79,,3,
2cPqdH7XMvwaBJEVjheH8g,Jay Wheeler,Jay Wheeler,77,reggaeton,0,reggaeton
16Juw2gfa9IxEL3Vu69cH7,Yaga & Mackie,Yaga & Mackie,63,reggaeton,0,reggaeton
4zOhMWD0LoBe2nP7s9cHhX,Joyce Santana,Joyce Santana,56,trap latino;urbano latino,10,trap
0Yg29FX1M4ayqjXs0ttZFq,Young Cister,Young Cister,74,chilean trap;reggaeton chileno;chilean mambo,1,trap;reggaeton
1E7XNYAEwSLSAiLDYRMs1G,Albert Hype,Albert Hype,27,,1,
4UhDECNxyqKv0Cn0sua1MC,CARABIN3,CARABIN3,67,,3,
0VRj0yCOv2FXJNP47XQnx5,Quavo,Quavo,79,,3,
6ubJLRTVzomuWIScbguoSY,Grupo Diez 4tro,Grupo Diez 4tro,50,corridos tumbados;corrido;corridos bélicos;sad sierreño;sierreño;música mexicana,2,corridos;banda
1UjxAZqzphB1tsMb1aWBj0,Omega,Omega,65,mambo;merengue,6,mambo;merengue
46JHFFEjLKbXhMQsU5vSGm,Nito Mestre,Nito Mestre,34,argentine rock;nueva trova;trova,1,
11YLRSsZA3YVuQQtHXKTlz,Rafa Pabön,Rafa Pabön,66,reggaeton,4,reggaeton
7fT2Me47PQ8T7954PKrcwR,Bhavi,Bhavi,68,argentine trap;trap,1,trap
4e5oZygHeeRoTXc00gYWiu,Danny Towers,Danny Towers,52,,0,
1FNMaRFSwlbHQnloS3QO1X,Eddy Goyen,Eddy Goyen,18,,12,
62U9TXZx2SxvIoxXHtHlzR,Mexicano,Mexicano,35,latin hip hop,0,trap
2281RSmb2cN6knnt0Iarb2,Leo Rizzi,Leo Rizzi,62,,8,
0H39MdGGX6dbnnQPt6NQkZ,SAINt JHN,SAINt JHN,67,,4,
3CDoRporvSjdzTrm99a3gi,LUDMILLA,LUDMILLA,75,pagode;brazilian pop;funk pop;brazilian funk;pagode baiano;funk carioca,1,pop;funk brasileiro
7cd0OMsXCsilwM1gwmJ5dF,Robbie Meza,Robbie Meza,11,,1,
6eUKZXaKkcviH0Ku9w2n3V,Ed Sheeran,Ed Sheeran,91,soft pop,1,pop
1FEYq0PPuI50GJRqKKPT6w,Leandro Ríos,Leandro Ríos,56,norteño;banda;grupera;cumbia norteña;norteño-sax,13,banda
5DMTLrpmTZO8GLDZ5Je1yT,Speedy,Speedy,31,soca;bassline;calypso,4,
4zTS87j9J5bBv0R9AEzeC7,Fend,Fend,46,electro corridos;dembow belico;corrido;corridos tumbados,5,corridos;dembow
2R7uy52biUCTdDH0OctTPU,Ed Maverick,Ed Maverick,38,sad sierreño;corridos tumbados,2,corridos
6UhGN5pVzgbBYjpqkxKM5F,lil joujou,lil joujou,39,trap latino;urbano latino,10,trap
1yPvnL2XGGehNiOGWzcAAG,Dan Sanchez,Dan Sanchez,63,corridos tumbados;corrido;electro corridos;corridos bélicos;dembow belico,2,corridos;dembow
2SNfNJDsahTSVFwgxposF5,Soge Culebra,Soge Culebra,59,,4,
7cxq5jTv6N3KjPehEhnlXG,Alonso Ortiz,Alonso Ortiz,48,corridos tumbados;corrido;corridos bélicos,5,corridos
4GZOqR1Cx6YeBN2Lmv0B1e,Victor Garcia,Victor Garcia,57,grupera;banda;norteño,12,banda
5SWXhtigdFs6Q9Wqri5ROo,Sintapia,Sintapia,49,electro corridos;dembow belico;corridos tumbados;corrido,2,corridos;dembow
6M2wZ9GZgrQXHCFfjv46we,Dua Lipa,Dua Lipa,88,pop,4,pop
7aG8YUI5alfF2pi0n5Cg5H,Kris Floyd,Kris Floyd,54,trap latino,10,trap
1NejZ771d4oSoEcD6qBAIA,Nueva Era,Nueva Era,37,corridos tumbados;corrido,2,corridos
68w2t0wbrGnxSIUHzWs5bt,Lito Kirino,Lito Kirino,57,trap latino;trap;dembow,3,trap;dembow
43DTA4Ai9jSFpLjOxOKXJW,Chuy Cuadras,Chuy Cuadras,23,corridos bélicos;corrido;corridos tumbados,2,corridos
2oQX8QiMXOyuqbcZEFsZfm,El Alfa,El Alfa,79,dembow;urbano latino;latin,4,dembow;trap
6uzHLlGqFKaXYOnZyYmXYg,LOUKI,LOUKI,59,reggaeton chileno,12,reggaeton
7mVQGK5j4VKkAvdOhUotB1,Fernandezz,Fernandezz,63,neoperreo,3,experimental
5wUO3A6DT4tO5UDz21kE2Y,Neutro Shorty,Neutro Shorty,64,trap latino;latin hip hop,0,trap
0B4uq7LA4vdVwFPDoOcVtw,Jey One,Jey One,63,dembow,9,dembow
5lFhCi03HDneWzvCxGctrT,Jory Boy,Jory Boy,73,reggaeton;trap latino,0,reggaeton;trap
5xkFVS6IwwgHEAaRzXc9U3,Tay Keith,Tay Keith,58,,3,
7qYeIN2r4H1kBvr0Gm9Iav,Randy Nota Loca,Randy Nota Loca,72,reggaeton,0,reggaeton
0TnOYISbd1XYRBk9myaseg,Pitbull,Pitbull,86,,4,
6pV5zH2LzjOUHaAvENdMMa,Neton Vega,Neton Vega,87,corrido;corridos tumbados;corridos bélicos;electro corridos;dembow belico,2,corridos;dembow
3ghRXw2nUEH2THaL82hw8R,La K'onga,La K'onga,68,cuarteto;cumbia,1,cumbia
4LyGCVZ22bGCY4BaW04Uyl,Mackie,Mackie,59,reggaeton,0,reggaeton
2Uj01M8Uqm5eJ1ieHyvlaO,Compa Steve,Compa Steve,30,corridos tumbados;corrido,2,corridos
3pTZ5sCcE1o2O9sWn5yQMg,Hydro,Hydro,57,trap latino,3,trap
5sZKwZcGSzyVnO1P62PdCq,Genio,Genio,38,,0,
2qWK8K2Jfh67UqtwY8tCW6,YSY A,YSY A,74,argentine trap;trap,1,trap
1r4hJ1h58CWwUQe3MxPuau,Maluma,Maluma,86,reggaeton;latin;urbano latino,4,reggaeton;latin
2DspEsT7UXGKd2VaaedgG4,Alex Rose,Alex Rose,71,trap latino;reggaeton;urbano latino,10,trap;reggaeton
0IEzMvarfVycBJAXjjEZOL,La Pantera,La Pantera,73,,4,
7ueBUDPDsj1mw0TEA3b9nY,Blacky Drippy,Blacky Drippy,39,drill;new york drill,3,drill
6ndLrsgT3MV5CNxIrW71fw,DFZM,DFZM,71,,4,
4F4pp8NUW08JuXwnoxglpN,Bad Gyal,Bad Gyal,74,neoperreo,4,experimental
2O8vbr4RYPpk6MRA4fio7u,SAIKO,SAIKO,74,,4,
2OHDHtDUjiP1K0rUXDC3vm,Andre TG,Andre TG,41,trap latino,1,trap
0ZCO8oVkMj897cKgFH7fRW,Los Ángeles Azules,Los Ángeles Azules,78,cumbia;cumbia sonidera;salsa,1,cumbia;salsa
2UMj7NCbuqy1yUZmiSYGjJ,MC Kevin o Chris,MC Kevin o Chris,70,brazilian funk;funk carioca;brega funk,4,funk brasileiro
4myAXQmMuS1lZe8T6Y7eBg,Yomo,Yomo,61,reggaeton,0,reggaeton
3441uYrkzgTWwjXLd13R0U,Enigma Norteño,Enigma Norteño,70,corrido;corridos bélicos;norteño;banda;sierreño,2,corridos;banda
5RVuxgqu3esPo4LIrf4HUs,Jay Menez,Jay Menez,46,trap latino,1,trap
44mEtidu0VdRkIqO4IbkNa,Marca MP,Marca MP,67,corrido;banda;sierreño;corridos tumbados;sad sierreño;corridos bélicos;música mexicana,6,corridos;banda
6UCQYrcJ6wab6gnQ89OJFh,Headie One,Headie One,64,uk drill;grime;drill;uk grime,1,drill
0GOx72r5AAEKRGQFn3xqXK,GIMS,GIMS,83,french rap;french r&b;french pop;pop urbaine,3,
1eTInlBizrAteaACHeE85y,dayvan,dayvan,42,hyperpop,8,hyperpop
4RXxwBtdt6k1YNyyAyiOng,Pipe Bueno,Pipe Bueno,61,popular colombian music;ranchera;colombian pop;vallenato,12,banda;pop
0PrhwIWbqYFYyY2ZrkIWgI,Adriel Favela,Adriel Favela,63,corrido;banda;corridos tumbados;sierreño;corridos bélicos;sad sierreño,2,corridos;banda
0JdvRpul2MbuhX7k0FUkko,Nando Boom,Nando Boom,49,reggae en español;calypso,4,
5dbaLmK5SHLLg8Z4CcTJpX,Greeicy,Greeicy,70,colombian pop;pop urbano,4,pop;trap
2NZD6Gqfk60GEcAAnJKVsR,Stars Music Chile,Stars Music Chile,55,reggaeton chileno;chilean trap;chilean mambo,12,reggaeton;trap
57nPqD7z62gDdq37US9XJR,Arcane,Arcane,79,score,10,
77T5XlEwCRjlmRIioW5OXB,Clúster,Clúster,54,argentine trap,1,trap
0zO8yNnw5GQgutcIyXfGBY,ELENA ROSE,ELENA ROSE,74,latin afrobeats,4,afro
46SHBwWsqBkxI7EeeBEQG7,Kodak Black,Kodak Black,82,,3,
6UbmqUEgjLA6jAcXwbM1Z9,BIBI,BIBI,67,k-pop;k-rap,6,k-pop
0tmwSHipWxN12fsoLcFU3B,Manuel Turizo,Manuel Turizo,83,reggaeton;pop urbano;latin;colombian pop,4,reggaeton;trap
4V8Sr092TqfHkfAA5fXXqG,Luis Fonsi,Luis Fonsi,76,latin,4,latin
3YXGxdYldEXVVlCdCkFD5G,Ivonne Galaz,Ivonne Galaz,36,corridos tumbados;corrido;sad sierreño;corridos bélicos,2,corridos
2cmqbSrv0RSUeYRuWkqSiQ,Officialalex425,Officialalex425,58,sad sierreño;corridos tumbados;corrido;sierreño,2,corridos
6K33IlAAM2crUmPtnc4j6H,Young Flow,Young Flow,37,trap latino,10,trap
6LGGOg5XbaaB5cBo7HR61a,GeezyDee,GeezyDee,70,,3,
0f6U482Lbo91QNqNFH4Tat,Nesi,Nesi,44,dembow;trap latino,3,dembow;trap
768O5GliF0bqscyghggrbE,Polimá Westcoast,Polimá Westcoast,63,chilean trap;reggaeton chileno;chilean mambo,4,trap;reggaeton
6NyPX5jymkvSPaJhCh1crb,Yeruza,Yeruza,51,trap latino,3,trap
5n9bMYfz9qss2VOW89EVs2,Bomba Estéreo,Bomba Estéreo,71,latin alternative;electrocumbia,4,latin;cumbia
4D2d63igYEdzhzFnxrSow7,Frijo,Frijo,52,argentine trap;trap,1,trap
40xbWSB4JPdOkRyuTDy1oP,Nicole Scherzinger,Nicole Scherzinger,62,,4,
1otleRGxIU5q64yzCNUHsi,Michie One,Michie One,32,,3,
3ou3XMRNmyDSy6gnC1bSgN,TAICHU,TAICHU,57,neoperreo;argentine trap,1,experimental;trap
21451j1KhjAiaYKflxBjr1,Zion & Lennox,Zion & Lennox,79,reggaeton;latin,0,reggaeton;latin
5vakO9fG4OZarrMqZlXbcl,D-Sides,D-Sides,49,electro corridos;dembow belico,2,corridos;dembow
2FU49QY6B4RA6orPrbC8P5,DOMELIPA,DOMELIPA,42,,3,
11usEAQkFE6UJwsyAKkchi,Caleb Calloway,Caleb Calloway,57,techengue,4,techengue
5kgDdP7a4TsvkF08gpJGX0,Juseph,Juseph,68,,4,
2Yia9CwtgcrsN5kVOQ0qRA,ZECCA,ZECCA,53,techengue,1,techengue
7hNfq19HIL0PRumBReFlsp,La Cuatiza,La Cuatiza,45,corrido;corridos tumbados;corridos bélicos;electro corridos,2,corridos
1QfSkHNY8c7Kip57pllxri,akiraplayboi,akiraplayboi,13,hyperpop,8,hyperpop
5DyLJzaY28nfyYFYu5a7Py,Ganggy,Ganggy,66,electro corridos;dembow belico;corridos tumbados;corrido;corridos bélicos,2,corridos;dembow
6GRwwWAtmusrgAL5JF9Dfr,Callejero Fino,Callejero Fino,64,rkt;turreo;cumbia,1,rkt;cumbia
16ZQZS3ZH1cXixotWa5LwC,Eklectico,Eklectico,44,dembow,0,dembow
0AdjzZxHJ4MfbImx2rD0Df,Pj Sin Suela,Pj Sin Suela,57,,0,
5FQ8tBUtIamA2hRtatrYUF,Marc Seguí,Marc Seguí,70,,1,
27xhmkOjmSZ12tuRkccOgb,franwav,franwav,23,,14,
3OcvS8PzSGYMBvLdzY6g3e,Silvestre Dangond,Silvestre Dangond,70,vallenato;colombian pop;rumba congolaise,12,vallenato;pop
3qcl8ck0RTpenPbFmZa2p5,Genio La Musa,Genio La Musa,39,,0,
7ciBW1p3KBsYIkFk4UmwS8,The Rudeboyz,The Rudeboyz,54,reggaeton,2,reggaeton
3ONGmday8YN8AkbsRk01iL,Lojay,Lojay,63,afrobeats;afrobeat;afropop;alté;afro r&b;afropiano,4,afro
5palUoEWfHqmYH8TPwxF6J,El Coyote,El Coyote,43,corrido;banda,2,corridos;banda
0rjms710nwQTdrQheXHJfz,Standly,Standly,67,reggaeton chileno;chilean trap;chilean mambo;mambo;reggaeton,12,reggaeton;trap
4twMBjUEs3uYOoY4ywzJAZ,Rodrigo Films,Rodrigo Films,31,dembow,3,dembow
0NlNru2YcUz6RbnpYGQz26,Clave Especial,Clave Especial,76,corrido;corridos tumbados;corridos bélicos;música mexicana,2,corridos;banda
3fZk3Gm5dN5v5yfYMQ04Bx,Dímelo Flow,Dímelo Flow,69,reggaeton;urbano latino,0,reggaeton;trap
3abT87tqQ4Q5PA5nw6CYyH,Ángela Aguilar,Ángela Aguilar,67,mariachi;ranchera;banda;música mexicana,6,banda
0dqT9B1Xej71qvAo8uE4Uh,Sahir,Sahir,55,trap latino,3,trap
78rkeQAvjl85yNyLAqEMVe,Mañas Ru-Fino,Mañas Ru-Fino,61,latin hip hop,4,trap
2D8UzkIVdg1bj0Iqz6gjk0,ABHIR,ABHIR,55,,4,
0GZ65zwBwkkwGNJ3zagtTZ,MILLENNIUM PARADE,MILLENNIUM PARADE,34,,9,
2jku7tDXc6XoB6MO2hFuqg,Tory Lanez,Tory Lanez,82,,6,
7rOlQwf8OuFLFQp4aydjBt,Paloma Mami,Paloma Mami,66,chilean trap;reggaeton chileno,9,trap;reggaeton
3wcj11K77LjEY1PkEazffa,Burna Boy,Burna Boy,81,afrobeats;afrobeat;afropop;afroswing;dancehall;afropiano,6,afro;dancehall
7B1LLuCQk13H4Mb6CFBftU,The Martinez Brothers,The Martinez Brothers,50,tech house;latin house,0,electronic
1fIJZfSmqQkuqfKNRmrS1V,El Jordan 23,El Jordan 23,65,reggaeton chileno;chilean trap;chilean mambo;reggaeton mexa;mambo;reggaeton,12,reggaeton;trap
4yxLYO2imECxGYTTV7RQKb,Pailita,Pailita,65,reggaeton chileno;chilean trap;chilean mambo;mambo;urbano latino;reggaeton,12,reggaeton;trap
0hCNtLu0JehylgoiP8L4Gh,Nicki Minaj,Nicki Minaj,86,,4,
1zNqDE7qDGCsyzJwohVaoX,Anne-Marie,Anne-Marie,77,,6,
4TnGh5PKbSjpYqpIdlW5nz,MONSTA X,MONSTA X,62,k-pop;noise music,2,k-pop
5c8ZR64evQ00Spl73s76fo,Chuyin,Chuyin,73,corrido;corridos tumbados;corridos bélicos,2,corridos
4cK5uxWRVJ3QOSfaBMX2Ex,Cupido,Cupido,47,,4,
4s6Xg38sbqh4xpf4OqhVUK,iZaak,iZaak,70,,0,
7eLcDZDYHXZCebtQmVFL25,Aitana,Aitana,77,,1,
1rfmPp9vA3xKSx6IIQ9Ee8,Alejo,Alejo,18,,4,
18fENKDD5BDuHtXLu41hd0,Xanctum,Xanctum,12,phonk,4,phonk
6P6GTRTigHBp8ZesNtpCKH,Almighty,Almighty,76,trap latino;reggaeton;trap,3,trap;reggaeton
3YXpTiyVmYCfANOlnWv6vr,Trebol Clan,Trebol Clan,60,reggaeton,0,reggaeton
3GPTvhZ8XfH7WkHXidvELk,Chris Lebron,Chris Lebron,63,,0,
1mX1TWKpNxDSAH16LgDfiR,Jesse & Joy,Jesse & Joy,77,latin pop,12,latin
4dhKkIzf9LXogFL1NXfQc1,Kapla y Miky,Kapla y Miky,42,urbano latino,0,trap
5l6N2hoIaP7snXdjnCULvk,Luis Alfonso Partida El Yaki,Luis Alfonso Partida El Yaki,69,banda;sierreño;norteño,12,banda;corridos
0F0qHLgO0rPrxKUjv19N7z,DJ Urba,DJ Urba,49,,0,
0OpXeanba0vYnyoft00BP6,Polo Gonzalez,Polo Gonzalez,54,corridos tumbados;corrido;corridos bélicos;sad sierreño;sierreño;electro corridos,2,corridos
4Ga1P7PMIsmqEZqhYZQgDo,Lil Tecca,Lil Tecca,81,melodic rap;rap,2,hip hop
2kF83E9c7WmW5XdqwUrJd2,Chocoleyrol,Chocoleyrol,44,dembow,0,dembow
4lHAjTCvXGu8QIM3cEe93m,Maka,Maka,63,flamenco;flamenco urbano;flamenco pop,1,
1SiLK8gdECx2iEm2SSj0Bl,Ak4:20,Ak4:20,60,chilean trap;reggaeton chileno;chilean mambo;mambo;urbano latino,1,trap;reggaeton
2XcZshqzPKm3iZcmt73R8D,Pablo Chill-E,Pablo Chill-E,71,chilean trap;reggaeton chileno;chilean mambo;mambo;argentine trap;urbano latino,1,trap;reggaeton
39sUQ6z3CTsNB4BhBecLOg,Ruben Figueroa,Ruben Figueroa,50,corrido;corridos tumbados;sierreño;sad sierreño;corridos bélicos,2,corridos
2dIgFjalVxs4ThymZ67YCE,Stray Kids,Stray Kids,87,k-pop;noise music,10,k-pop
1GAymyGBvB4gQy5Z5LZ1Wj,Lalo Ebratt,Lalo Ebratt,63,,4,
2tKY3KnuyCoj1aZOBXKP2D,fox1,fox1,16,hyperpop,8,hyperpop
60XHOAhvEBiV6BGBOv8ClM,La Joaqui,La Joaqui,67,rkt;turreo,1,rkt
6H8yLg2ml8H94LRjriezMR,Moy Bobadilla,Moy Bobadilla,64,banda,12,banda
5eCshP4zg9fMuQvc1LygXI,Sindicato Del Ritmo,Sindicato Del Ritmo,33,,12,
4SQdUpG4f7UbkJG3cJ2Iyj,Arca,Arca,60,neoperreo;experimental;art pop;hyperpop,0,experimental;hyperpop
4QrBoWLm2WNlPdbFhmlaUZ,KEVVO,KEVVO,60,reggaeton,0,reggaeton
47MpMsUfWtgyIIBEFOr4FE,Lunay,Lunay,70,reggaeton,3,reggaeton
7g7N6cRr5izWiIWvffgwWO,Stiffy,Stiffy,56,,8,
1Q6SZxTvaE3HhslV0iXbI6,Herencia de Patrones,Herencia de Patrones,66,corridos tumbados;corrido;corridos bélicos;sierreño;sad sierreño,2,corridos
3rqKgkODmiyDdimpz5D3y1,Yannc,Yannc,62,reggaeton,0,reggaeton
0NHX4tbvyRotP1QBhjTHX3,Efecto Elegante,Efecto Elegante,64,corrido;sad sierreño;sierreño;corridos bélicos;banda;corridos tumbados,5,corridos;banda
2yGXs7AlyNVetlMvwsFXGk,Muerejoven,Muerejoven,43,argentine trap;trap,8,trap
3Okcq0dqLVlEFHRZ5t22bA,Voltio,Voltio,59,reggaeton;latin hip hop,0,reggaeton;trap
6sq1yF0OZEWA4xoXVKW1L9,Alejandro Fernández,Alejandro Fernández,78,mariachi;ranchera;latin pop;bolero,12,banda;latin
0GgyFUpOyzWDRDqx8FCTDN,Baby Rasta,Baby Rasta,72,reggaeton,9,reggaeton
6ieK9Ddas29reReO60on3o,"Gotay ""El Autentiko""","Gotay ""El Autentiko""",64,reggaeton;urbano latino,0,reggaeton;trap
0u4eSD22YhmWJMg1A22GBw,Alejo Park,Alejo Park,24,argentine trap,1,trap
32IoF74fLhRaNSuABa3HO7,Joel Nuñez,Joel Nuñez,30,corridos tumbados;corrido;corridos bélicos,2,corridos
07YUOmWljBTXwIseAUd9TW,Sebastian Yatra,Sebastian Yatra,79,colombian pop;reggaeton,4,pop;reggaeton
3Nk2mAv4k4ZOzrP5tpXL2G,CLUB HATS,CLUB HATS,58,argentine trap;trap,1,trap
1iXdpCz3AeLEAvzqeNodt8,Victor Cibrian,Victor Cibrian,63,corrido;corridos bélicos;corridos tumbados;banda;sierreño,2,corridos;banda
12trz2INGglrKMzLmg0y2C,Emotional Oranges,Emotional Oranges,59,indie r&b,6,
34OTRVwyaE8DkOrGMQa7Ah,LATENIGHTJIGGY,LATENIGHTJIGGY,36,latin r&b,9,
6TKygPpVT29oGUogu4J9Ec,Yan Block,Yan Block,83,,0,
00CEIWvwRzWGVahslNZW0Z,Hernan Sepulveda,Hernan Sepulveda,59,banda;norteño,12,banda
1Ts9of7VPZElwPQnqnDSfW,Lyanno,Lyanno,73,reggaeton;trap latino;urbano latino,9,reggaeton;trap
4NEQrC4AlByMUOmOp9H5hZ,Julián Mercado,Julián Mercado,55,sierreño;corrido;banda;corridos bélicos;norteño,2,corridos;banda
04mzq9GH08zOBRdV2gzmXm,El Padrinito Toys,El Padrinito Toys,64,electro corridos;corrido;dembow belico;corridos bélicos;corridos tumbados,5,corridos;dembow
5QzDzXfXC5lepOBeQXBiVO,Marciano Cantero,Marciano Cantero,62,rock en español;mexican rock;latin rock,4,
27vNK840zYq6IfDijHPsv1,Gilberto Santa Rosa,Gilberto Santa Rosa,71,salsa;merengue,4,salsa;merengue
7j6DKwmjbxvpQO8h914uEz,Ryan Castro,Ryan Castro,81,reggaeton,4,reggaeton
6mkRgafSHF30Dr2wEch4YU,ONIRIA,ONIRIA,59,argentine trap;trap;techengue,1,trap;techengue
5l4GdLELvdnXZVT5g947i3,LOUTA,LOUTA,51,argentine trap,1,trap
06Q5VlSAku57lFzyME3HrM,Ke Personajes,Ke Personajes,75,cumbia;cuarteto,2,cumbia
4aWhlVjiUjYHpVWBPP8AFc,Grupo Codiciado,Grupo Codiciado,61,corrido;banda;corridos tumbados;norteño;sierreño;corridos bélicos,12,corridos;banda
3TVXtAsR1Inumwj472S9r4,Drake,Drake,98,rap,4,hip hop
44cW3xznP61BXbu0e7fgxn,Slayter,Slayter,69,trap latino,3,trap
4v1zVCcc5f9c7bdODjaqwe,May-Be,May-Be,27,,4,
352qR89UvJCYHGnCSUwMqw,Pabblo,Pabblo,42,corridos tumbados;corrido,2,corridos
2uSJ9ywE44eIRoTMatARAy,Hector Rubio,Hector Rubio,51,corrido;corridos bélicos,2,corridos
5he5w2lnU9x7JFhnwcekXX,Skrillex,Skrillex,77,dubstep;edm;electro;electronic,9,electronic
2x7PC78TmgqpEIjaGAZ0Oz,Trueno,Trueno,77,argentine trap,1,trap
063Vp9es6lLAbFUDtIAkFD,Abraham Vazquez,Abraham Vazquez,60,corrido;sierreño;corridos tumbados;corridos bélicos;sad sierreño;banda,5,corridos;banda
5sUrlPAHlS9NEirDB8SEbF,Alejandro Sanz,Alejandro Sanz,81,latin pop,2,latin
5cj0lLjcoR7YOSnhnX0Po5,Doja Cat,Doja Cat,88,,3,
2MNRfUsu9bA4gzehlJc8hl,JC Karo,JC Karo,23,latin r&b;cumbia sonidera,0,
6xlRSRMLgZbsSNd0BMobwy,DENNIS,DENNIS,70,brazilian funk;funk carioca;funk pop;funk melody,4,funk brasileiro
5gCRApTajqwbnHHPbr2Fpi,Juicy J,Juicy J,76,crunk,1,
6k8mwkKJKKjBILo7ypBspl,Ana Mena,Ana Mena,69,,1,
4TdMGChhzBYNXhADaEGUZX,Armenta,Armenta,68,corridos tumbados;corrido;electro corridos;sad sierreño;corridos bélicos;reggaeton mexa,2,corridos;reggaeton
2iPrKTKzQOV6F6PZOS8lMI,Mex Urtizberea,Mex Urtizberea,52,folklore argentino;chamamé;latin folklore,1,
7jAs1uPnpfNmT6e5qtEPxq,ATL Jacob,ATL Jacob,68,,4,
5rnUlLid4WEcDmAz6McM33,Mechi Pieretti,Mechi Pieretti,31,acoustic pop,1,
22P1OY4TRFRwhP0q29loQ8,Lali,Lali,67,,1,
78F6Xkd46aMHkr4AP60TXY,Clarent,Clarent,74,,9,
1LViN9Xsu9YIMN6IZJk8Bp,El High,El High,48,reggaeton chileno;neoperreo;reggaeton mexa,3,reggaeton;experimental
738wLrAtLtCtFOLvQBXOXp,Major Lazer,Major Lazer,75,moombahton,2,electronic
0OmIOUU8SceGFVrqrEm70j,Giovanny Ayala,Giovanny Ayala,55,banda;sierreño;corrido;sad sierreño;corridos bélicos,5,banda;corridos
6MUhWuKMY0Wo0S12d7FAgh,Gael Valenzuela,Gael Valenzuela,51,corrido;corridos tumbados;corridos bélicos,2,corridos
6xLvSuN3p2uD8IorXxYmHg,ELYSANIJ,ELYSANIJ,39,latin r&b,0,
3Gf3gwkmZyNuecCyJyVD9j,Bigla The Kid,Bigla The Kid,59,,1,
1Cs0zKBU1kc0i8ypK3B9ai,David Guetta,David Guetta,89,edm,3,electronic
0YRwUbRxrawmnBdixwJi5W,Régulo Caro,Régulo Caro,59,banda;corrido;sierreño;norteño;música mexicana,12,banda;corridos
1Ixof0imwzqpuV21Ug9pKn,Choclock,Choclock,47,latin r&b,1,
38epWdyauFwdRkldqUMfWE,Chucky73,Chucky73,51,dembow;trap latino,10,dembow;trap
03Enzet8KLMkjdeQnbqbmn,Pacho El Antifeka,Pacho El Antifeka,51,trap latino,4,trap
5lCxUN0t4niIy30texHRxo,Full Harmony,Full Harmony,26,,0,
6oMRQ5H3A2XA5I3RG3leni,Alan Gomez,Alan Gomez,61,rkt;turreo;techengue,1,rkt;techengue
3PkVrt8lRBTV2RDSICxz5X,Divino,Divino,50,reggaeton,4,reggaeton
2YRyPiW98bpkARAS4B3OQP,Dei V,Dei V,81,trap latino;urbano latino,3,trap
7x7vfF89MqM94K8wvK3Omq,La Duraca,La Duraca,34,,1,
4nD4jJ7anYuvuMtM8Wrspz,Lautaro Lopez,Lautaro Lopez,39,argentine trap,1,trap
0Y34e6XlsBGOdjEyKZzTMB,SowlBeatz,SowlBeatz,48,reggaeton chileno;chilean trap;chilean mambo,12,reggaeton;trap
16yTBMwXmeW9MQgfcHZgA7,Baby Johnny,Baby Johnny,46,trap latino,0,trap
5MraexJKZDrQYzS98kNwie,Sevdaliza,Sevdaliza,70,,4,
66ArjpKRgw8vYBf9yhktto,Nach,Nach,59,latin hip hop;rap,1,trap;hip hop
50sIhX3HytFEwQXZJLUZQE,Alejo,Alejo,61,reggaeton;urbano latino,4,reggaeton;trap
7y5vacxuCM2lyUEEPnQcwd,RobGz,RobGz,49,trap latino,2,trap
5szJHKg5xeUlQ9pTqzdpic,Taiu,Taiu,68,argentine trap,1,trap
6wH6iStAh4KIaWfuhf0NYM,Manu Chao,Manu Chao,72,latin alternative,4,latin
1P6GRLw4BTIfQzKA18t2wj,Lionize,Lionize,9,,15,
2mFWbxWrBZ0dTkG5b6NGnZ,Montana the Producer,Montana the Producer,47,reggaeton chileno;trap latino,0,reggaeton;trap
2t7vyRN71qtQT18frElAnV,Maikel Delacalle,Maikel Delacalle,60,trap latino;latin r&b,4,trap
0rzgd5jwjTPDQfWcKp50AE,El Arma Secreta,El Arma Secreta,13,trap latino,0,trap
6OP8Y0UsezppFkU1hZU6EJ,El Chachito,El Chachito,53,corrido;corridos bélicos;corridos tumbados,2,corridos
3GoPGMx3Q2xUwmzM3RYGUq,Armenta,Armenta,25,post-disco;boogie,2,
6H70hylNqfc86Omz8GoyDB,Tobi,Tobi,48,argentine trap;trap,1,trap
0Bxo11d6nt1FpPWCo4PGcw,Mister Chivo,Mister Chivo,52,grupera;cumbia;cumbia norteña,2,banda;cumbia
3ipn9JLAPI5GUEo4y4jcoi,Ludacris,Ludacris,79,southern hip hop,4,hip hop
09pT3LYxLNhME3Rp9D6Vob,Trillfox,Trillfox,32,hyperpop,8,hyperpop
1QgrwYywvDuC43MDtR8cqq,Leonardo Aguilar,Leonardo Aguilar,58,mariachi;ranchera;banda,6,banda
0sJpqQouXqn3gKQrsN1JET,El Baby R,El Baby R,47,dembow,8,dembow
0vR2qb8m9WHeZ5ByCbimq2,Reik,Reik,78,latin pop,1,latin
6wF1Cz760dpdbX9RJIDpQW,Chuwi,Chuwi,67,,4,
4bw2Am3p9ji3mYsXNXtQcd,Piso 21,Piso 21,75,reggaeton;colombian pop;pop urbano,1,reggaeton;pop
6ASri4ePR7RlsvIQgWPJpS,iann dior,iann dior,69,melodic rap,1,hip hop
6Lad89OaqnRo5nf7FyVipt,Garena Free Fire,Garena Free Fire,53,,1,
34nbQa7Hug9DYkRJpfKNFv,T3R Elemento,T3R Elemento,71,corrido;corridos tumbados;sierreño;sad sierreño;banda;corridos bélicos;norteño;música mexicana,2,corridos;banda
233EuLolQJNuWaoQf617jD,Ery,Ery,23,urbano latino,4,trap
0Po5jQg8puEmTBiVsfY38p,Izzay,Izzay,20,argentine trap,1,trap
2IMZYfNi21MGqxopj9fWx8,Rels B,Rels B,83,urbano latino;trap latino,1,trap
64aJYyrXljOodnUG6jvhRD,DJ Luian,DJ Luian,77,reggaeton;trap latino,3,reggaeton;trap
0odliLZMTk45CEVzF3Zocl,Mozart La Para,Mozart La Para,56,dembow,4,dembow
5KpmLKI7ktzNzQL13J95Pf,Cerounno,Cerounno,56,boom bap,1,hip hop
5Rj6rNR8zIlUUDCs1OyPmW,MYA,MYA,59,cuarteto,1,cumbia
7nNS9kiCWRqHGBcWxLB0Pk,J Castle,J Castle,51,,0,
3PMboJy3bSw6eV1Qv0FhSz,INDICA MIKI,INDICA MIKI,39,argentine trap,1,trap
6wcKDqJRY3TzbcdRKo6EiE,Jone Quest,Jone Quest,60,reggaeton,3,reggaeton
2b01rwtcqW5LyfVBMzIFQ4,Kate Linn,Kate Linn,57,,2,
5dmU7FrmtbQaSzIvGsE4Jp,Pancho Barraza,Pancho Barraza,69,banda;norteño;grupera;ranchera,12,banda
3tJnB0s6c3oXPq1SCCavnd,Marco Antonio Solís,Marco Antonio Solís,79,grupera;ranchera;mariachi;latin pop,4,banda;latin
7CvTknweLr9feJtRGrpDBy,FloyyMenor,FloyyMenor,77,reggaeton chileno,12,reggaeton
0niAkxgT6y57bRbT0Ge94z,LiL CaKe,LiL CaKe,51,argentine trap,3,trap
62zWXNKBdOWd9TIdkZ7BQN,Polaco,Polaco,40,reggaeton,0,reggaeton
4kejafUkN53v2HsYzMhgaJ,Jenay,Jenay,32,trap latino,0,trap
535ap2f16rTOKTMPTkvbGB,Los Buitres De Culiacan Sinaloa,Los Buitres De Culiacan Sinaloa,62,corrido;banda;norteño;corridos bélicos,12,corridos;banda
1pf0MPKfKdvS8J779mS1Ay,Miky Woodz,Miky Woodz,70,trap latino;dembow;reggaeton,0,trap;dembow
0SSbTivuMrvdqgCt7ln6jD,ICON,ICON,61,,4,
4Tw0VaV1ENei24iQnktjXj,Alexio,Alexio,59,reggaeton,0,reggaeton
7LNIbiKKGIMlw7GjgJlR0w,Blagh,Blagh,42,argentine trap,1,trap
21dooacK2WGBB5amYvKyfM,Smokepurpp,Smokepurpp,54,,1,
5wx70QuZtxRUIIYek3RSaV,Carolina Ross,Carolina Ross,59,,12,
09T10LRB7GvEn4bUNTWGVv,Alexis y Zion,Alexis y Zion,26,,0,
6Itjwvv5YmsC8ZcI5N4Jux,Sael,Sael,54,urbano latino,1,trap
3WG2Qwav9SV56V57SFe92i,Ivan Orozco,Ivan Orozco,46,sad sierreño;corridos tumbados;corrido;corridos bélicos;sierreño,2,corridos
3yDIp0kaq9EFKe07X1X2rz,Nile Rodgers,Nile Rodgers,72,,9,
3VHAySZQPlfGlNLslzXYpN,NATHY PELUSO,NATHY PELUSO,68,,1,
6B1hSmaLdOvChinK2Z7gfi,Maisak,Maisak,66,reggaeton,4,reggaeton
23wEWD21D4TPYiJugoXmYb,Thalia,Thalia,71,latin pop,6,latin
01m2XZ7m7rAz6KY3scTdaV,Neo Pistea,Neo Pistea,65,argentine trap;trap,1,trap
4rUyBlggM5tZUH5QZn9ZuO,Silvio Rodríguez,Silvio Rodríguez,67,trova;nueva trova;singer-songwriter;latin folklore;latin folk,1,
184mGxeseZkY2w05Nr4Tui,kryptogram,kryptogram,48,disco house;funky house,6,
7gK06FGYa8dtJogKJXAG80,Jota Rosa,Jota Rosa,32,,10,
11AFqsz5YS7kc3h3jPoCJi,Rsiete,Rsiete,18,,0,
51ZSh80McCt7vbqHouzW0A,Yahritza Y Su Esencia,Yahritza Y Su Esencia,76,sad sierreño;música mexicana;banda;corridos tumbados,2,corridos;banda
0KPX4Ucy9dk82uj4GpKesn,Dalex,Dalex,75,reggaeton,0,reggaeton
1XrNDYzPQVM08PdMRn1mvP,Raúl Beltran,Raúl Beltran,71,corrido;sierreño;corridos bélicos;corridos tumbados,2,corridos
39yVoqm6sYFvvqF1RciUVf,Carlos Rivera,Carlos Rivera,72,latin pop,12,latin
3aly4xJOy3LVznzvRIvFYC,F1 The Album,F1 The Album,76,,0,
6subdr1to7SgyVLIL4stPX,Tony Tone,Tony Tone,12,comedy,0,
23herDudxPBB3S81GB5uG3,Alizzz,Alizzz,53,,4,
5WLKVJGJWUubfyG8KSfuvK,Otro,Otro,30,experimental;hyperpop,8,experimental;hyperpop
0MInKJqZscEeNc5K3K0mkE,Simone & Simaria,Simone & Simaria,63,sertanejo;sertanejo universitário;forró;arrocha;brazilian pop,4,pop
39FKVjqhZLz4E1iG77d5AO,Dowba Montana,Dowba Montana,54,dembow,10,dembow
1XWQvHMnUr3CZQf88Pe4De,Notty,Notty,12,,4,
0hk4xVujcyOr6USD95wcWb,Sick Luke,Sick Luke,62,italian trap,1,
76S9tWvZEynS5QanzUkkjw,risko,risko,45,argentine trap,1,trap
3p3jPcp8b7WL9XYj4xlsWj,Snow Tha Product,Snow Tha Product,62,latin hip hop;mexican hip hop,2,trap
0rUu2qzqezBrCddX1RuUyJ,Omar Camacho,Omar Camacho,78,electro corridos;dembow belico;corrido;corridos tumbados,2,corridos;dembow
3r17AfJCCUqC9Lf0OAc73G,Fergie,Fergie,71,,4,
1aLC6PgrX4A5tfrpQozpQw,Carlos Sarabia,Carlos Sarabia,42,banda,12,banda
1gW6pz5n1aK249L0GvfQCC,Grupo Marca Registrada,Grupo Marca Registrada,78,corrido;corridos bélicos;corridos tumbados;electro corridos;norteño;música mexicana;banda;sad sierreño;sierreño;dembow belico,2,corridos;banda
65VS702SIPGgTpWgTQupMA,NEGRO DUB,NEGRO DUB,49,rkt;turreo;argentine trap,1,rkt;trap
135NPMwCC5HMWfbLl3BjyX,Marca MP,Marca MP,40,corridos tumbados;sad sierreño;corrido,2,corridos
5P6cHh4NtlZIaRKDHji2fY,Los Ballers,Los Ballers,45,,9,
3i5FaQPzJAMqMp59aPBZbu,Kevinsito,Kevinsito,31,,0,
3ZpEKRjHaHANcpk10u6Ntq,Ayra Starr,Ayra Starr,76,afrobeats;afrobeat;afropop;afro r&b;afropiano;afro soul,9,afro
7HYJrA3HSTNDmkl5pylhaY,Gino Mella,Gino Mella,61,reggaeton chileno;chilean trap;chilean mambo;mambo,0,reggaeton;trap
3OFZZxPrO2uYjDVglqTwEr,Los Nuevos Rebeldes,Los Nuevos Rebeldes,64,corrido;norteño;corridos bélicos,12,corridos;banda
5YqI7p8zYsOpKJtjxYdOce,Victor Mendivil,Victor Mendivil,86,electro corridos;dembow belico;corrido;corridos tumbados;corridos bélicos,2,corridos;dembow
3EqXv17h2lLZFuAlaTHZad,Nyno,Nyno,5,manele,0,
0U0zpa0tZ4iAV6ypdDUm4I,YUNG PRADO,YUNG PRADO,37,,9,
6vXTefBL93Dj5IqAWq6OTv,French Montana,French Montana,76,,3,
2kMVBdVpeeZOVpeirhykCc,DommoBeats,DommoBeats,35,,1,
5NUPPRjsbXHNyVDrUESYeh,Grupo Arriesgado,Grupo Arriesgado,69,corrido;corridos bélicos;sad sierreño;corridos tumbados,2,corridos
5ZGrM7y0Z6yF3s9dBjHWi9,Grupo Clasificado,Grupo Clasificado,66,corrido;corridos bélicos;sierreño;corridos tumbados,12,corridos
66RfYVdftqnuHRicyClgL0,Dharius,Dharius,67,mexican hip hop;latin hip hop;electro corridos,2,trap;corridos
6a1QKCXK81Z2vETbH1tQgs,Alan Aramburo,Alan Aramburo,26,,12,
16zBWpyiDMtWDpGIueLZbC,Shigant-G,Shigant-G,26,,1,
5pIkWAzyI2E3ga03gFxtZl,Joaqo,Joaqo,23,,1,
0dAcy3ayJIW98jdHTacqac,Los Nuevos Ilegales,Los Nuevos Ilegales,55,corrido;norteño;corridos bélicos;sierreño,2,corridos;banda
4SN6H0xzsZfocwu58sBy0d,Meluchis,Meluchis,19,guaracha;tribal house,0,
3dhMDOAn4QhiSEerNabrnG,Eddy,Eddy,55,sad sierreño;corridos tumbados;corrido;sierreño,2,corridos
7ggR2eZDxd9vAabd1wux61,Grupo Efectivo,Grupo Efectivo,7,corrido,2,corridos
4RWJOoYwgF978LOn8Fainp,Yami Safdie,Yami Safdie,70,,1,
228pVneav5qwbCGQrrqQo4,Macario Martínez,Macario Martínez,55,mexican indie;sad sierreño;latin indie,2,corridos
2pmWsiYQukESpS71qzhreG,Paul Married,Paul Married,23,hyperpop,8,hyperpop
5I8OAPN5jY1wvHwpnsRRsA,Kybba,Kybba,69,dancehall;shatta;moombahton,4,dancehall;electronic
4kJ2OBSNasUA4yOT5NCfCl,"Luis Angel ""El Flaco""","Luis Angel ""El Flaco""",65,banda;norteño;corrido,12,banda;corridos
6veh5zbFpm31XsPdjBgPER,BIA,BIA,69,,10,
5IYRfypwG9BDDh5ZRPI80z,Totoy El Frio,Totoy El Frio,56,reggaeton;urbano latino,4,reggaeton;trap
3g1nUbVtiYjO2XNs5DGpLB,Nueva Era,Nueva Era,37,corridos tumbados;corrido;sad sierreño,2,corridos
4DAhpWFfOQv2UBSAzjhzLV,Rene,Rene,30,corridos tumbados,2,corridos
2A3uvEbM1K4QWaviVVH5LQ,Maykol theyver,Maykol theyver,1,,0,
1fctva4kpRbg2k3v7kwRuS,Rvssian,Rvssian,73,trap latino,9,trap
2JAxtl8czMHyssC2W7b8jy,Lismar,Lismar,44,,1,
7uaIm6Pw7xplS8Dy06V6pT,Trevor Daniel,Trevor Daniel,62,,6,
08KPwXKOzDrD25Otsx9IEP,Estrada,Estrada,5,,0,
3bIRdpxrijl9x8jyDpT9pr,Juanito Lugo,Juanito Lugo,3,,12,
137W8MRPWKqSmrBGDBFSop,Wiz Khalifa,Wiz Khalifa,83,rap,0,hip hop
4bforrvhv0YFDP83UQBbU8,Rafael Amaya,Rafael Amaya,32,corridos bélicos;corrido;electro corridos;corridos tumbados,2,corridos
7bNmosifuMqLwui79Cjqcd,Pancho Uresti,Pancho Uresti,45,banda;norteño;corrido,12,banda;corridos
1lIfaU3IJ3LdcQU35iXHo1,Alex Rivera,Alex Rivera,12,,0,
0d7jzRhjOifL8X9hxNvbEn,El Micha,El Micha,53,timba;salsa,0,salsa
4Rh80sXmcG4xDP1r6dTNiQ,Estevan Plazola,Estevan Plazola,68,corrido;corridos tumbados;corridos bélicos,2,corridos
08yYd8o1CrOjIpGHP2I6zU,Huan62,Huan62,65,dembow,0,dembow
4TDr2te1ZvxbEchksH77Dp,Akim 88,Akim 88,43,argentine trap,1,trap
3EA9hVIzKfFiQI0Kikz2wo,Andrea Bocelli,Andrea Bocelli,74,classical crossover;opera,4,
20gsENnposVs2I4rQ5kvrf,Sam Feldt,Sam Feldt,67,tropical house,6,
4YYxffPVDFe9XoqqbRW6Bq,L-Gante,L-Gante,64,rkt;turreo,1,rkt
1pQWsZQehhS4wavwh7Fnxd,Lenny Tavárez,Lenny Tavárez,78,reggaeton;urbano latino;trap latino;argentine trap,0,reggaeton;trap
7tU1VKOuxiNZwBZC6RHidA,Alexis y Fido,Alexis y Fido,68,reggaeton;urbano latino,9,reggaeton;trap
1CTYCiBGcZTsZBzYoa4pxM,Tapy Quintero,Tapy Quintero,48,corrido;norteño;corridos bélicos,12,corridos;banda
3yJ7q2MEpB9SLK9Xy1EJ2F,Memo Garza,Memo Garza,54,banda,12,banda
55kBvzKEORCymfAWcBzGSb,Flagrant Drvms,Flagrant Drvms,19,latin house;tribal house;afro house;afro tech,6,
3LKXWvXFWrkwUzJWxzwVpW,Tony Dize,Tony Dize,73,reggaeton,4,reggaeton
0yjlGMMFuIci8JCTAOb2AU,K4,K4,31,argentine trap,8,trap
0zgbk1EdcU6tt6QUOnCC5o,Lito MC Cassidy,Lito MC Cassidy,34,latin hip hop,3,trap
4bWHA8fMNjzfGPQqnh5D6y,Recycled J,Recycled J,62,,1,
6jOQofEFDXLbMGlzn3xSua,Jodosky,Jodosky,18,,3,
2vnaEm73LHWfchNiQccNBa,El BAI,El BAI,61,reggaeton chileno;chilean mambo;chilean trap;mambo,12,reggaeton;mambo
7wU2WGCJ8HxkekHHE2QLul,Fuego,Fuego,61,trap latino;reggaeton,1,trap;reggaeton
3jGlU8UMMo44I2xeLQ6FD3,Dalmata,Dalmata,64,reggaeton,9,reggaeton
3TKS1JzWOLAnicuOCOyVlW,Nobeat,Nobeat,37,,1,
0QHgL1lAIqAw0HtD7YldmP,DJ Khaled,DJ Khaled,75,,4,
5Uox3n7m4W2CoM9MmHPJwQ,Delaossa,Delaossa,67,,1,
0UTzLuwz9RvFOCnwAZjUxn,Bratty,Bratty,59,mexican indie;latin indie,8,
1zdSbv2pR3OIFKselYbJsC,Tunvao,Tunvao,42,,4,
4Y1YeIY4yWN4U5Qwi68Soq,Toni Anzis,Toni Anzis,61,flamenco urbano,1,
4riOEaOW5hCeqomFDBk0aP,Rochy RD,Rochy RD,62,dembow,3,dembow
4wvFGToZWnDckTqRIjM6eN,Choforo,Choforo,14,,2,
0mJUOiqGhTu1QaoKP5m6W1,El Kombo Colobia,El Kombo Colobia,19,,12,
0eHWAfgyxZWAKR6NZ8nsd9,Julio Voltio,Julio Voltio,51,latin hip hop,4,trap
584rPFIWjBYT83tUZocaIw,Franco,Franco,23,samba,0,
0CUbRHUcHesT778ioJt9oM,Nivel C,Nivel C,51,corrido;corridos bélicos,2,corridos
4d9zZPgaTNFoxlRIT7qQvO,Kelo Ke,Kelo Ke,44,argentine trap,1,trap
2kqUKsTuEj1lPbm6BSn1AU,Rich Music LTD,Rich Music LTD,64,reggaeton,0,reggaeton
1lgtR3WlcFxEy6yPoOh0J2,Hozwal,Hozwal,50,trap latino,10,trap
5ZLgfdfQcdb7wsw67Xes0L,Kull Kid,Kull Kid,8,,14,
6RMWFexOHVj5ctezneQH5v,Andy Montañez,Andy Montañez,57,salsa;merengue,4,salsa;merengue
37230BxxYs9ksS7OkZw3IU,Chencho Corleone,Chencho Corleone,78,reggaeton,0,reggaeton
2hejA1Dkf8v8R0koF44FvW,Gera MX,Gera MX,77,mexican hip hop;latin hip hop,2,trap
6bxjoq64Y0HTfMc4GIbpyJ,vf7,vf7,41,,10,
2Gq6eE8pcDP1r3YIyx45sG,Gotay y Jory,Gotay y Jory,22,,0,
65UC5VKwU4vBSBSHckQd5l,Yay,Yay,50,electro corridos,2,corridos
45I00eLuNXvN6WONxQ4T1j,Banda la 10 de Ivan Romero,Banda la 10 de Ivan Romero,30,banda,12,banda
6pNgnvzBa6Bthsv8SrZJYl,Hatsune Miku,Hatsune Miku,71,vocaloid,8,
2MXDat5eYxVcnHht0N2uSF,Club16,Club16,32,,10,
4QIM495B5wWD9B24Fsi4aR,Ambik,Ambik,27,latin r&b;argentine trap,8,trap
4Vvu7tVzLF5tA19BpNTgm1,El Rubio Acordeón,El Rubio Acordeón,43,merengue;mambo;bachata,3,merengue;mambo
4QsjdD4tkCOSUqRSDoazaM,Jakka,Jakka,7,,3,
6r92NGrlnmNvFJA9Kl0PAx,Juanpa Salazar,Juanpa Salazar,60,corrido;corridos bélicos;corridos tumbados,2,corridos
3hfWiirwdO1ijoZQwj7uzZ,Lil Naay,Lil Naay,66,dembow;trap latino,0,dembow;trap
6wMr4zKPrrR0UVz08WtUWc,Black Coffee,Black Coffee,66,afro house;afro tech;house,16,
5JpxOTduIHuTcuosdLBC14,Miranda León,Miranda León,59,electro corridos;sad sierreño;dembow belico,5,corridos;dembow
4qXC0i02bSFstECuXP2ZpL,Blxst,Blxst,67,,4,
27abSaAjyUkVoBhZSmF38a,Tommy Viera,Tommy Viera,26,,4,
0bsQ8jCTdRt3F8R5nNU3hw,Fetti031,Fetti031,44,dembow;trap latino,10,dembow;trap
4qIwt9aom7JcYwiwWWI05i,ambeats,ambeats,39,hyperpop,8,hyperpop
6AMa1VFQ7qCi61tCRtVWXe,Jim Jones,Jim Jones,54,,10,
1WLEfsQjvgtFSGkrHonzFX,Amaia,Amaia,59,,8,
7tETQjUDr6hqeJVd0WyuhH,El General Gadiel,El General Gadiel,41,,0,
0VZrPa7mWAYXH4CwmYk8Km,Kidd Keo,Kidd Keo,69,trap;argentine trap,1,trap
0lsEtpjLWn4S7KBra82VG3,Aldo Ranks,Aldo Ranks,50,,4,
4stSxe6AbpXw3x7nRDsYVX,Remmy Valenzuela,Remmy Valenzuela,71,banda;norteño;sierreño;corrido,2,banda;corridos
28oQ6vi1R2m9mdSBnsAkUQ,Munic HB,Munic HB,49,drill,1,drill
64M6ah0SkkRsnPGtGiRAbb,Bebe Rexha,Bebe Rexha,78,,3,
6ELdpbcBJ9mc2anhAavcHv,JXHN P,JXHN P,12,,8,
6VD4UEUPvtsemqD3mmTqCR,Deorro,Deorro,66,melbourne bounce;electro house,12,
2HvyR5FsU37QMqVzIbGwl7,Mercedes Sosa,Mercedes Sosa,62,trova;folklore argentino;nueva trova;latin folklore;latin folk;chamamé;folclor andino;singer-songwriter,1,
18qC8mrcJ9ZjChRDPvpadi,Aleesha,Aleesha,46,latin r&b,1,
5LHRHt1k9lMyONurDHEdrp,Tyga,Tyga,80,,9,
4bbAeMRdMbfCLVSlpryAVV,evilgiane,evilgiane,44,cloud rap,8,
6lay1nwbE6hTx1jivysUAL,Princess Nokia,Princess Nokia,61,,1,
6GlX3FdCQrMftGfVaWcmPZ,NTG,NTG,67,dembow,0,dembow
08ZqXO40nMrhBoGma4kls2,SyKo,SyKo,57,hyperpop,8,hyperpop
0jdNdfi4vAuVi7a6cPDFBM,Lazza,Lazza,73,italian trap;concerto,1,
69UypehHabb68utzfjAVlV,Kany García,Kany García,74,latin pop,10,latin
7y6eZQZwyUvR4PlZOVSR7I,Jonathan Caro,Jonathan Caro,56,corrido;corridos tumbados;corridos bélicos,2,corridos
5TP8Ubo4jLKEi4Mw2O8fAk,BM,BM,66,rkt;turreo;cuarteto;cumbia,1,rkt;cumbia
2BJWqrBKEqtZUKWtzmpPDj,Tobal Mj,Tobal Mj,66,reggaeton chileno;chilean trap;chilean mambo;mambo,12,reggaeton;trap
6NmMI7UnfmIpLRYoz8H9jm,Ankhal,Ankhal,56,trap latino;urbano latino,3,trap
5WUlDfRSoLAfcVSX1WnrxN,Sia,Sia,89,,3,
7DXregrznS25AM30UY9sUU,King Savagge,King Savagge,65,reggaeton chileno;chilean trap;chilean mambo;guaracha;mambo,1,reggaeton;trap
5eIRbSES1yeGSBuqZ4xvuD,Pekeño 77,Pekeño 77,47,argentine trap;trap,1,trap
3lIsPQW0jN6sMpiWuiShF0,Dano,Dano,51,argentine trap;latin hip hop,1,trap
1wZtkThiXbVNtj6hee6dz9,Wisin & Yandel,Wisin & Yandel,83,reggaeton;urbano latino,0,reggaeton;trap
3Isy6kedDrgPYoTS1dazA9,Sean Paul,Sean Paul,84,dancehall,4,dancehall
17vZy9fIIt6woqdWfc7UCy,Sinfonico,Sinfonico,59,trap latino;trap,0,trap
1U1el3k54VvEUzo3ybLPlM,Kali Uchis,Kali Uchis,85,,4,
29fkrV8IuMETQBv8PgC6Lw,Mattei,Mattei,54,rkt,0,rkt
1pEqLDmVTqmfwfywlwL7wL,Jotaerre,Jotaerre,39,urbano latino,4,trap
7z3W8OunO3RH0quodR8Zsu,Saso,Saso,44,,9,
3Y4UmopFbGuRYdtGEa5jDZ,Tomas Ballardo,Tomas Ballardo,50,corrido;corridos bélicos;electro corridos;corridos tumbados;sierreño,2,corridos
0z4gvV4rjIZ9wHck67ucSV,Akon,Akon,84,,3,
7gPZtpMaLi5zBkroBdl6Su,Nelly Nelz,Nelly Nelz,34,,3,
1uy3w1dRiwRTYHiOOzZ5EE,Elian Bless,Elian Bless,27,,0,
4j1Usj1sKyLB9CDpSZSZ2C,Tyan G,Tyan G,48,corridos tumbados;corrido;corridos bélicos;electro corridos,2,corridos
0ThxHJx0ElqLD8h2Compyq,WEST DUBAI,WEST DUBAI,49,argentine trap;trap,1,trap
2TjgzYcbTdsZjbT9OItIeB,"Héctor ""El Father""","Héctor ""El Father""",74,reggaeton,0,reggaeton
6V36JyoMUbA6lNLNMjA3Bz,Luno,Luno,41,electro corridos;dembow belico,8,corridos;dembow
7JpldR9fo9qOlg4HYOnRg5,Noan El Abusador,Noan El Abusador,11,salsa choke;merengue;mambo,0,merengue;mambo
4SRF0I10ZzUX6hFmV1RCXR,Neneto,Neneto,41,,4,
4DYFVNKZ1uixa6SQTvzQwJ,Ken-Y,Ken-Y,68,reggaeton,0,reggaeton
6RGri3BX7P64gUBuf6uU7p,AFTER,AFTER,47,argentine trap,1,trap
0BKYcWhq6W4TYSLSJk1ZDJ,Go Get Music,Go Get Music,32,,10,
3ZJxEmjYZd5VOqZ8o3aXiL,ABRA,ABRA,56,alternative r&b,4,
2Jb9jVnCpWkXtoGznFJ6bF,ECKO,ECKO,62,rkt;turreo;argentine trap;trap,1,rkt;trap
1Zkxm1dM3HI3QkTmxUEVQA,Los Gemelos De Sinaloa,Los Gemelos De Sinaloa,67,corrido;corridos bélicos;corridos tumbados;sad sierreño;sierreño;música mexicana,2,corridos;banda
6Nl4VXcX86fBMO4YE6oYfN,Asan,Asan,59,argentine trap;trap,1,trap
0Z9FeIBNH2WlwhVUOBlfPZ,Compa Steve,Compa Steve,33,corridos tumbados;corrido;sad sierreño,2,corridos
3NpG6SsHaQETkdQVZH6V1E,Kiko el Crazy,Kiko el Crazy,48,dembow,0,dembow
4wLXwxDeWQ8mtUIRPxGiD6,Marc Anthony,Marc Anthony,79,salsa;merengue;bachata;latin;latin pop,4,salsa;merengue
7vWC03wqXwUqjPON8hc1tz,TELYKAST,TELYKAST,56,,4,
0haZhu4fFKt0Ag94kZDiz2,Sofía Reyes,Sofía Reyes,64,latin pop,6,latin
4A4qYy2jK9DDN1OHV0nLkH,Código FN,Código FN,69,corrido;corridos bélicos;corridos tumbados;electro corridos;norteño;banda;dembow belico;sierreño;sad sierreño,2,corridos;banda
5OBK3iQwjNQqElPmn4TgAE,Natan & Shander,Natan & Shander,52,reggaeton,4,reggaeton
1yX62RHdYysNcIrO33WQxJ,Dani Flow,Dani Flow,65,reggaeton mexa;electro corridos;dembow belico;reggaeton,12,reggaeton;corridos
4C3ZmIqca9MWwThLaYbfXu,The Academy: Segunda Misión,The Academy: Segunda Misión,57,,0,
3hcs9uc56yIGFCSy9leWe7,Lil Durk,Lil Durk,81,chicago drill;drill,3,drill
1sV3HHU1TBH5owKu0WLHf7,XROSS,XROSS,72,,0,
541XEEr9pKMGGUzI3ld5a2,Wido,Wido,10,hyperpop,8,hyperpop
4VPLEp6rYxqpf6n0QEkS5z,El Rabbanito,El Rabbanito,55,corrido;corridos bélicos;sierreño,2,corridos
1zQGq31aajlt5qvmHyrwQn,Luis Carrillo,Luis Carrillo,64,electro corridos;dembow belico;corrido,2,corridos;dembow
1l7ZsJRRS8wlW3WfJfPfNS,Christina Aguilera,Christina Aguilera,79,,1,
3iOiMcmKYGm8kOxlBjTo0w,Luisa,Luisa,38,argentine trap,1,trap
47mIJdHORyRerp4os813jD,League of Legends,League of Legends,78,,10,
11Phvl6lzQFQJ2OcSXloHv,Carzé,Carzé,49,hyperpop,8,hyperpop
5KwtioA5ns9gfpFaHpxqlq,Brandon Reyes y Elvin,Brandon Reyes y Elvin,49,corrido;corridos bélicos;corridos tumbados,2,corridos
1SCoi5U37R1KbEQHuKKgam,Lua de Santana,Lua de Santana,39,,1,
23L3bzvIziNKZw42P3lwsH,Alfredo Montaño,Alfredo Montaño,41,banda;norteño,12,banda
6gyhsZUy2fzzWZBRVPmOw4,Soto Asa,Soto Asa,54,neoperreo,8,experimental
7FOQfJbC3e4GNoheojERnF,SleazyWorld Go,SleazyWorld Go,59,,3,
5EUy0phiO3drXdffqCJO9j,Rodel G,Rodel G,18,electro corridos;dembow belico,5,corridos;dembow
4ncaw2cfA3Wlly1tBD2eWt,Yailin la Mas Viral,Yailin la Mas Viral,67,dembow,3,dembow
7t6PzXRwTR6eb4lNHxyhIC,Benji Blue Bills,Benji Blue Bills,55,,1,
6Vlv2tBpKw6ib5C7DHkOfq,Angel Tumbado,Angel Tumbado,54,corridos tumbados;corrido;corridos bélicos;sad sierreño,2,corridos
1UdLtKAD4FbM7r2XCfAWAs,william,william,54,finnish hip hop;finnish pop,4,
5rlwbF5flU2JCmAzV5Obu0,Vakero,Vakero,43,dembow,3,dembow
0AY6tq934rmw7zSFRl6e6S,Nueva H,Nueva H,60,corridos tumbados;corrido;corridos bélicos,2,corridos
3E6xrwgnVfYCrCs0ePERDz,Wisin,Wisin,78,reggaeton;latin,0,reggaeton;latin
7FsRH5bw8iWpSbMX1G7xf1,Joan Sebastian,Joan Sebastian,80,ranchera;banda;mariachi;grupera;norteño;música mexicana,12,banda
5bWUlnPx9OYKsLiUJrhCA1,Jon Z,Jon Z,73,trap latino;trap;dembow,1,trap;dembow
1aw0Cdl1DIrtUrUA6fGbAR,Dread Mar I,Dread Mar I,72,reggae en español;reggae,1,
6YVMFz59CuY7ngCxTxjpxE,aespa,aespa,79,k-pop,11,k-pop
4WnAHZz1pgl8hus8hidIRV,MHD,MHD,65,french rap;pop urbaine;french r&b,1,
1OFOShsIbhy1l5x73yuVyB,Shenseea,Shenseea,71,dancehall;soca;afrobeats,9,dancehall;afro
6tCJN1fQNdFCEaOa8Da9Wf,JADED,JADED,49,tech house,3,electronic
3lY9Fxceu60W1rbon7PkuF,Omar Montes,Omar Montes,66,flamenco;flamenco urbano;flamenco pop,4,
0FvHxb8a4I0A2i8jKCsFei,Oscar Ortiz,Oscar Ortiz,60,electro corridos;dembow belico;corrido;corridos tumbados;corridos bélicos;banda,5,corridos;dembow
6f6NTISF0XjjlUxEmdXizO,Sheeno,Sheeno,40,electro corridos;dembow belico,5,corridos;dembow
0A0FS04o6zMoto8OKPsDwY,YG,YG,73,hyphy,1,
5TYxZTjIPqKM8K8NuP9woO,C. Tangana,C. Tangana,74,,1,
7E8yETzDbHYASNxtFQysf7,Dynasty,Dynasty,35,post-disco;funk,0,
1jSjfSgDjedJdi5MoyRu78,Lary Over,Lary Over,67,trap latino;trap;dembow;reggaeton,9,trap;dembow
0dXXFVCw0LKzmHFrTLUaQJ,Tito Torbellino Jr,Tito Torbellino Jr,59,corrido;corridos bélicos;corridos tumbados;sierreño,2,corridos
33ScadVnbm2X8kkUqOkC6Z,Don Omar,Don Omar,85,reggaeton;urbano latino,0,reggaeton;trap
4xx3PjUWxXY0qEXUdDhrwx,Miss Bolivia,Miss Bolivia,36,electrocumbia,1,cumbia
1H6X7yhnXZg73f9bssaj1Q,Judeline,Judeline,68,,10,
1tuNNda2SSH3o4lUms5K6C,Sebastian Esquivel,Sebastian Esquivel,61,electro corridos;dembow belico;corrido;corridos bélicos;corridos tumbados,5,corridos;dembow
3Mcii5XWf6E0lrY3Uky4cA,Ice Cube,Ice Cube,74,old school hip hop;gangster rap;west coast hip hop;g-funk;hip hop,12,hip hop
4DxlG8gbthzgDeDZiywaoQ,Louchie Lou,Louchie Lou,31,dancehall,3,dancehall
4zYi7nhOqLxJ9u2YE8Ysca,CNG,CNG,43,mexican hip hop;g-funk,2,trap
0BqURncJM5B1BBu7UM51eq,Guaynaa,Guaynaa,64,reggaeton,1,reggaeton
7CLB24LNjPo8vY0BH8ymES,JhonnyX,JhonnyX,24,,2,
1XwiLNR93MJwbV5Akl9lyQ,Soyneel,Soyneel,44,,0,
5H1nN1SzW0qNeUEZvuXjAj,Danny Ocean,Danny Ocean,81,reggaeton,4,reggaeton
4HJnsUVBubdKJ2aV0sr48u,Ape Drums,Ape Drums,55,moombahton,6,electronic
0sXJRmgbjbq6Q5uu4W1wDM,Las Villa,Las Villa,45,,4,
00me4Ke1LsvMxt5kydlMyU,Cosculluela,Cosculluela,76,reggaeton;trap latino;latin hip hop,0,reggaeton;trap
6GKbEjuVNKuuAKetDXA2Mi,Key-Key,Key-Key,57,latin afrobeats,3,afro
2DlGxzQSjYe5N6G9nkYghR,Jennifer Lopez,Jennifer Lopez,76,,4,
5U5wYVqrbD6J8SK4kNhau4,Kaleb Di Masi,Kaleb Di Masi,56,rkt;turreo,1,rkt
2LmcxBak1alK1bf7d1beTr,Juhn,Juhn,73,trap latino;reggaeton,1,trap;reggaeton
1r8tUG15NMJEj1j5NynES7,Banda La Costeña,Banda La Costeña,58,banda;ranchera;norteño,12,banda
3IEvQoAohcGX7CdrbtIle7,Baby Rasta y Gringo,Baby Rasta y Gringo,66,reggaeton,0,reggaeton
5FQJWdcKPAijmEi4uroZ4h,LEÏTI,LEÏTI,48,,8,
1vyhD5VmyZ7KMfW5gqLgo5,J Balvin,J Balvin,89,reggaeton;latin,4,reggaeton;latin
7Kh6SBEGtFtqjYo5bN0ACG,Young Martino,Young Martino,58,trap latino,1,trap
15gkNQT0p7OYVIJlzoNCo1,JM,JM,1,,0,
1XEVu7gdRFfzEFqsPrancH,rusowsky,rusowsky,71,neoperreo,8,experimental
23TFHmajVfBtlRx5MXqgoz,Sfera Ebbasta,Sfera Ebbasta,78,italian trap;concerto;trap,3,trap
5fMUXHkw8R8eOP2RNVYEZX,Diplo,Diplo,79,moombahton,4,electronic
02uL9GicfGlL4E427NFGDm,JKing,JKing,38,,0,
3ppQEG71r7jVpI8RudzycF,OHGEESY,OHGEESY,70,,2,
3jFjgKOGfVLWfXX8q5wrsg,R.K.M & Ken-Y,R.K.M & Ken-Y,69,reggaeton,3,reggaeton
3HPOnbuwLP2qlwWQ7cgxYW,Xantos,Xantos,49,reggaeton,4,reggaeton
12KipYva9312KrSBekytFE,Chuy Montana,Chuy Montana,60,corrido;corridos tumbados;corridos bélicos,2,corridos
0PcocXclEkDNkUgsdMHL4s,Bles,Bles,33,argentine trap,1,trap
6sXu0pNqYJNlS46xqSwKxZ,Alcalde La Sonora,Alcalde La Sonora,56,cumbia sonidera;cumbia;electrocumbia,12,cumbia
1zadl0UA8O0AYeSoMauChk,Tino JJ,Tino JJ,32,flamenco urbano;flamenco;flamenco pop,8,
7mWCSSOYqm4E9mB7V4ot6S,Miguel Bosé,Miguel Bosé,72,latin pop,9,latin
1aWJsBQa67l72j1VT3D6Ow,Micro TDH,Micro TDH,70,,0,
3HJq88k0us5XSJ4tD3J8RG,Jorsshh,Jorsshh,72,corrido;corridos tumbados;corridos bélicos,2,corridos
1vrahybrKylgwkjhbmOz94,Yera,Yera,53,colombian pop;pop urbano,12,pop;trap
1gBHZ6j8W5Xs3t9gmvedJw,Oliva,Oliva,34,zouk,9,
4uiEeT7dw0guTJ5CPMsX83,SHB,SHB,42,,3,
2K5nCggbhSZ00YCYP5qkZS,Shiva,Shiva,77,italian trap;concerto,3,
5J7rXWjtn5HzUkJ4Jet8Fr,Alvaro Diaz,Alvaro Diaz,77,,4,
7ejyCwT1b7MIwHVCVO8HjX,Chita,Chita,43,latin r&b,1,
46K14JAfAHpxTSkb6KkFfN,Juicy BAE,Juicy BAE,53,neoperreo,1,experimental
4lDzMjsz7xLw4CFmfWJmWJ,Capoxxo,Capoxxo,38,hyperpop;glitch;cloud rap,8,hyperpop
3i6lAgVHplDXb6zrjIeBeK,Kris R.,Kris R.,79,,3,
1gJdf4Yybu4X5A2xYV3NMV,Eden Muñoz,Eden Muñoz,78,banda;corrido;norteño;corridos bélicos;corridos tumbados,2,banda;corridos
0ltbviqVlCHhrg8vh9rcII,La Pauta Crew,La Pauta Crew,22,banda,12,banda
4HzKw8XcD0piJmDrrPRCYk,Majid Jordan,Majid Jordan,68,,9,
7MP4jhYmFEgb0AtiOkw55s,Play-N-Skillz,Play-N-Skillz,52,,6,
7DkseLyOZrdRjCuoWFtqFi,Edicion Especial,Edicion Especial,74,corrido;corridos bélicos;norteño;sad sierreño;corridos tumbados,2,corridos;banda
3CbYyyd8wH3RT6t0jwpdzC,Murda Beatz,Murda Beatz,58,,3,
6JkIfzAcnjeyUx6aQh3Pbi,Kele,Kele,34,trap latino,3,trap
3hJDFvn5at14nstUHxTvaV,T.Y.S,T.Y.S,51,dembow,4,dembow
3S9Hg7sRKhmtWunFZ2yAYP,El Bogueto,El Bogueto,80,reggaeton mexa;reggaeton,3,reggaeton
3hTffafUYLLgO4yuPAxb5U,Lenin Ramírez,Lenin Ramírez,69,corrido;banda;sierreño;corridos bélicos;norteño;sad sierreño;corridos tumbados,2,corridos;banda
2ylQO8qFEBINvkNNZGe4uC,Omar Ruiz,Omar Ruiz,55,corrido;sierreño;corridos tumbados;banda;corridos bélicos;música mexicana,2,corridos;banda
73uwZQQfha8JhNvBqVW1DL,Bryant LR,Bryant LR,50,dembow,8,dembow
2uXjfliPmAWgaiY2mSAdnj,Lalo Reyes,Lalo Reyes,25,,2,
1C5ow4APQX75JXTiHRU5fR,KolomB,KolomB,11,,8,
7A2xUGz3Mbq2tJdMfILN34,Mixed Matches,Mixed Matches,44,hyperpop,8,hyperpop
7ouAPTZEzxcIOCYBLjH0NC,Fury,Fury,3,,0,
4CQdcx66F116k2db2Y0rjE,Hades66,Hades66,77,trap latino,3,trap
3c0gDdb9lhnHGFtP4prQpn,KATSEYE,KATSEYE,84,k-pop,10,k-pop
3VwKSHAfgzV1DOHV0aANCI,TOKiMONSTA,TOKiMONSTA,50,,11,
15o9015fLMdtdULkGPBCqL,Jhonny Caz,Jhonny Caz,13,,12,
4C29ETLBPmYKYwtJUepbJz,Seven Kayne,Seven Kayne,60,argentine trap;trap;trap latino,1,trap
1F5KgWs6pawyDs5px23UIQ,Kail BRL,Kail BRL,55,reggaeton chileno;chilean trap;chilean mambo,12,reggaeton;trap
5yo2KNGw3Z6a9n0Xiswb50,BROKIX,BROKIX,44,,0,
7wOZy3KdFVVINgNFFxkxwO,Jerry Rivera,Jerry Rivera,67,salsa;merengue,1,salsa;merengue
07Hm9w6ksRaggaDBpN8RRd,0-600,0-600,51,argentine trap;trap,1,trap
7Bb4i0RT3zaudzb8KvxTUQ,Amarion,Amarion,52,trap latino,3,trap
6kTecPO26Gxf7Vsk0Lk8OI,Banda Los Reales,Banda Los Reales,45,banda;duranguense;norteño-sax,12,banda
3rvluTyk2vmAj3dN1b0bw8,Angel Ureta,Angel Ureta,47,corrido;corridos bélicos;corridos tumbados,2,corridos
7FWtti4FgQOvxvoB2Ycmmh,Awesome Pierre,Awesome Pierre,50,argentine trap,1,trap
4NGOJedxkGWwkbB5QiSJd1,Jhay P,Jhay P,52,,4,
3WMlRpW5JWuDI95TcEWt3r,Salastkbron,Salastkbron,63,rkt;turreo;guaracha,1,rkt
2k74pCf0NdIPHGCpwocdxG,bosco herrero,bosco herrero,38,hyperpop,8,hyperpop
0Tyf4eMcgHNc7xTDFe9Yqs,TURY,TURY,67,,3,
49jTY62Cpw3RYo4dLuG43W,Cian Ducrot,Cian Ducrot,61,,9,
0Hkx0YcHHxDRRbH9WsSW0I,Marcianos Crew,Marcianos Crew,49,argentine trap;trap,1,trap
1BLB1WyIlAsBD2l6bQOEtN,Clandestino,Clandestino,26,,0,
55EA5tfk6pyYA7L6Hgb5Nr,Joel Elizalde,Joel Elizalde,44,banda;corrido;norteño,12,banda;corridos
6hY8YED0fL89Il5yKkDhrm,SHARIF RAFAEL,SHARIF RAFAEL,48,urbano latino,0,trap
0FwnPHExlRRxEZPLAi5tmG,JC Reyes,JC Reyes,79,,3,
6Xgp2XMz1fhVYe7i6yNAax,Trippie Redd,Trippie Redd,82,melodic rap,9,hip hop
7bwjYGg7DOoLpV3AFK2Jmz,Catalyna,Catalyna,32,trap latino,10,trap
5BwMgvRwlq61SmknvsVIQj,Rubén Blades,Rubén Blades,64,salsa;latin jazz;merengue;son cubano,2,salsa;merengue
2p4aN0Uxkk3iT3HK0cJ2cJ,Tokischa,Tokischa,72,dembow;neoperreo,0,dembow;experimental
5GcWBUX00IPuWVGMIRK1sS,Residente,Residente,62,latin hip hop,4,trap
1HcAkAeL4xf02wzAnl7mIV,Michaël Brun,Michaël Brun,50,soca,6,
3cseuYmozraz4XJn6nDo80,Marco Flores Y La Jerez,Marco Flores Y La Jerez,54,banda;norteño,12,banda
540vIaP2JwjQb9dm3aArA4,DJ Snake,DJ Snake,80,,3,
07hvj5YPoKfFLJY6DxUhch,VGLY,VGLY,51,corridos tumbados;corrido;corridos bélicos,2,corridos
7sQ3Q6yYyg0SdpEezJN8UT,El Coyote Y Su Banda Tierra Santa,El Coyote Y Su Banda Tierra Santa,70,banda;norteño;corrido;ranchera,12,banda;corridos
4XYbaR6YgnY4Nb6kz250cu,Gera Demara,Gera Demara,47,,12,
2jSGzJw0ebJLu7OLVSOcBP,Plan B,Plan B,81,reggaeton,0,reggaeton
1m82A2YUjBaQnLAFi9vjJv,Poeta Callejero,Poeta Callejero,43,dembow,0,dembow
6Qhgat07PNOdnJSnCXJigu,千葉雄喜,千葉雄喜,58,j-rap,4,
49YbNTLaaAbZHLtDI2aPGL,Tesher,Tesher,59,,4,
4o0NtnL2m0lzZmEdRas1qv,Ovi,Ovi,70,corridos tumbados;corrido;trap latino;sad sierreño;urbano latino;corridos bélicos,2,corridos;trap
0VWPsYCxl8HERwstSf4jsn,KAY KAY,KAY KAY,21,,3,
32YGQsNtuwyobFFnn8ikpe,Hijos De Barron,Hijos De Barron,56,sierreño;corrido;norteño;banda;sad sierreño,12,corridos;banda
7cjh6y0V9SsyCrWSXTzwOs,RBD,RBD,68,latin pop,0,latin
3E12tRURRvPfHz0hAMCFYc,Omar Courtz,Omar Courtz,84,,0,
3oBZXbSQHXnxp9sWJcUT7j,Dylan Coronel,Dylan Coronel,36,corrido;corridos bélicos;corridos tumbados,5,corridos
7IUaYyqcGB3aU2Tm4s5JY8,Zxmyr,Zxmyr,60,mexican hip hop;latin hip hop,5,trap
2eEmsgWmUFMbtU7agJpnjY,Miranda!,Miranda!,76,latin pop,1,latin
7A02nc5WKMBLqSKXxGZ4o8,Llane,Llane,44,pop urbano;colombian pop,1,trap;pop
0KKUc4amZyvswV2YL6WTar,Mariah Angeliq,Mariah Angeliq,61,trap latino;reggaeton,0,trap;reggaeton
1YmUDtVMLCpjypyu8gNJRc,Carlos Osuna,Carlos Osuna,26,banda,12,banda
7IiCm7VkqzW7vN0MY9AzHe,José Guicho,José Guicho,49,electro corridos;dembow belico;corrido;corridos bélicos;corridos tumbados,2,corridos;dembow
0YWTSwecJ4cKrEQjrh46la,Evar,Evar,48,argentine trap;hyperpop,8,trap;hyperpop
6kPf6aO5cAHU2RJUDN1UUy,Beto Sierra,Beto Sierra,55,electro corridos;mexican hip hop;dembow belico;corrido;corridos bélicos;corridos tumbados,2,corridos;trap
10VBp06W8NIgMW4JruLCC4,Kidd Voodoo,Kidd Voodoo,76,reggaeton chileno;chilean trap,12,reggaeton;trap
2IhhVEifV7ntdvp2YmMIzg,Reboll333,Reboll333,45,,0,
1b94FVTCNMq9gU78ByW6iY,Close Counters,Close Counters,35,jazz house,3,
5fJsY7afrbsyzJj9wdzJMh,"Tito ""El Bambino""","Tito ""El Bambino""",72,reggaeton;urbano latino,0,reggaeton;trap
0K59Fm1y7s3j498ueS4qzY,Soledad,Soledad,62,folklore argentino;chamamé;latin folklore;latin folk,1,
41qil2VaGbD194gaEcmmyx,Will Smith,Will Smith,67,,4,
7a0XAaPaK2aDSqa8p3QnC7,Beéle,Beéle,89,latin afrobeats;reggaeton;pop urbano,4,afro;reggaeton
2mO8bWmorA4kDukv9Xbioj,Valerio Gaytán,Valerio Gaytán,26,banda,12,banda
3z26llYP0dIzgnmUp2vSAw,Chris Palace,Chris Palace,45,urbano latino,9,trap
48R2gYdPKtfnfKAzhSVPUx,Migrantes,Migrantes,63,cumbia;cuarteto;rkt,3,cumbia;rkt
51XrH5fQP2oIQynuKxSWcW,Sky Rompiendo,Sky Rompiendo,70,reggaeton,9,reggaeton
5X4LWwbUFNzPkEas04uU82,DVBBS,DVBBS,59,edm;big room;electronica;slap house,1,electronic
2BTS8Np1YzPQuXjgdlqsBB,Emanero,Emanero,64,cuarteto;cumbia,1,cumbia
0XIKGBo9PnK1ApI5tZA60d,DaniLeigh,DaniLeigh,56,r&b,10,
360IAlyVv4PCEVjgyMZrxK,Miguel,Miguel,81,r&b,4,
2Oc5k5AzcBOoH470jTgZzp,El Frizian,El Frizian,52,banda;corridos bélicos;norteño;cumbia norteña,12,banda;corridos
3q7HBObVc0L8jNeTe5Gofh,50 Cent,50 Cent,86,old school hip hop;east coast hip hop,1,hip hop
4axKuDPr6WKcDCyh8vueTY,Luar La L,Luar La L,80,trap latino,3,trap
6yQqyQJiGD4UgKNE02P4Np,Square Houze,Square Houze,39,latin afrobeats,4,afro
6bpv92ES2Vcv2OKA3DAhgw,Joaquin Medina,Joaquin Medina,61,electro corridos;dembow belico;corrido;corridos tumbados;corridos bélicos;reggaeton mexa,2,corridos;dembow
1Emea6iLt1X27HTatnL7oV,Ben Yart,Ben Yart,36,,8,
04gHmjV4hmiIrT3PHXlTbZ,LoLo,LoLo,45,hyperpop,7,hyperpop
4puAp107dCehraE47QXVQX,C.R.O,C.R.O,73,argentine trap;trap,1,trap
20lftkHSXXaaNVpe3Y2W2J,Banda La Fugitiva De Mike Miramontes,Banda La Fugitiva De Mike Miramontes,49,banda,12,banda
6nVcHLIgY5pE2YCl8ubca1,JHAYCO,JHAYCO,82,reggaeton;trap latino;urbano latino,0,reggaeton;trap
6PH3FLQAxtqYy46Zv08bpV,Ivan Cornejo,Ivan Cornejo,79,sad sierreño;corridos tumbados;música mexicana;corrido;sierreño,2,corridos;banda
5KSiZki8gCESiSq0z35Ald,Fantomel,Fantomel,57,,2,
5EvFsr3kj42KNv97ZEnqij,Shaggy,Shaggy,76,reggae,4,
5mgqYTU6dhKlEdi7DOy4uU,Alberto Stylee,Alberto Stylee,49,reggaeton,0,reggaeton
7BOLXRhKCofrP6ESS7Owuo,Lennox,Lennox,62,reggaeton,0,reggaeton
0y59o4v8uw5crbN9M3JiL1,Badshah,Badshah,76,bollywood;desi;desi hip hop;hindi pop;hindi hip hop;desi pop,4,
1pi7nGhOM7PTHR5YEgXVGq,Villano Antillano,Villano Antillano,67,neoperreo,10,experimental
1uZVxckdGGKhFMpCnupXmP,Los Pleneros de la Cresta,Los Pleneros de la Cresta,64,,4,
7GQDI5Vmxs92RsIRZzYT11,Pirlo,Pirlo,70,,0,
76whng5pl9msPkkjFUtWYn,Tempo,Tempo,59,latin hip hop;reggaeton;dembow,0,trap;reggaeton
2NfSBtmWe7oPw1EmetJVso,Boza,Boza,71,reggaeton;latin afrobeats;urbano latino;pop urbano,4,reggaeton;afro
4PXThoWa6Eg0a1Cui7KJee,Willy Rodríguez,Willy Rodríguez,47,reggae en español;reggae,3,
3uQSc2G13vlxsMDBb92llt,Gerardo Mercado,Gerardo Mercado,22,corrido;sierreño;corridos bélicos,2,corridos
4vhNDa5ycK0ST968ek7kRr,Carlos Vives,Carlos Vives,74,colombian pop;vallenato;latin;latin pop,10,pop;vallenato
7keGfmQR4X5w0two1xKZ7d,Kungs,Kungs,68,,3,
4RFrAp13K0fHKH7IpSdKxi,Eme MalaFe,Eme MalaFe,65,reggaeton mexa;mexican hip hop,5,reggaeton;trap
1ZM3GOPFXwiy6yVeY1FM3I,Kifykify,Kifykify,25,argentine trap,8,trap
0WI8OfWCRvK4nGHmKfFQmd,Alex Zurdo,Alex Zurdo,69,christian reggaeton;christian;christian reggae;christian hip hop;christian pop,4,
2KShewLkb92FKEZ6N4cVP9,Vanco,Vanco,58,afro tech;afro house,4,
6n28c9qs9hNGriNa72b26u,PNAU,PNAU,71,,3,
4fQPqLk2LwWrrc6OBMzXZj,Uriel Gaxiola,Uriel Gaxiola,57,electro corridos;dembow belico;corridos tumbados;corrido;corridos bélicos,2,corridos;dembow
4sFGEHs1ufSWEmfpTDm3DM,Gustavo Palafox,Gustavo Palafox,41,corrido;banda;sierreño;corridos bélicos,2,corridos;banda
5AS4y4rlmbUYDCdg35qmI9,paopao,paopao,58,urbano latino;latin r&b,4,trap
1ZPwILALmE6ggDHUlphThb,Jan Paul,Jan Paul,30,,0,
4IC2X34tZmHG3VfTbpzvwL,Julianno Sosa,Julianno Sosa,67,chilean trap;reggaeton chileno;chilean mambo;mambo,1,trap;reggaeton
0ElbMDEefrgdxl0geuDPHn,Esto es ¡FA!,Esto es ¡FA!,52,folklore argentino;chamamé;latin folklore,1,
1DA8SLXtp8MMVpgaOWzMQr,Chuy Lizarraga y Su Banda Tierra Sinaloense,Chuy Lizarraga y Su Banda Tierra Sinaloense,65,banda;norteño,12,banda
3PAwspMN27PDm81WwXDsMf,Reykon,Reykon,63,reggaeton;trap latino,4,reggaeton;trap
6EcQO0oH1Bk27HMRlRNwYv,Mundialista Crew,Mundialista Crew,30,argentine trap,1,trap
2o9qwAYrLQE4XxQ5uFnwC2,Montana,Montana,40,corrido;corridos bélicos,12,corridos
0qTZZWLzuD59Un5r1speHm,Chris Jedi,Chris Jedi,68,trap latino;reggaeton;urbano latino,3,trap;reggaeton
4kcQWQDK0u9AftVSpdrAgk,Luck Ra,Luck Ra,75,cuarteto;cumbia;argentine trap,1,cumbia;trap
7qG3b048QCHVRO5Pv1T5lw,Enrique Iglesias,Enrique Iglesias,80,latin pop;latin,3,latin
7hJcb9fa4alzcOq3EaNPoG,Snoop Dogg,Snoop Dogg,83,g-funk;west coast hip hop;gangster rap;old school hip hop;hip hop;rap,2,hip hop
4TKhxSkqClXrdtUWgKqHVU,Shallipopi,Shallipopi,73,afrobeats;afropiano;afrobeat;amapiano;afropop;afro adura,6,afro
4LFOoXhMhnq9U8VsZkSwxl,Edwin Luna y La Trakalosa de Monterrey,Edwin Luna y La Trakalosa de Monterrey,68,banda;norteño,13,banda
7rFHoDuiSlV0DGHxckjm89,Lia Kali,Lia Kali,65,,1,
7arK8QUX7X61NIkChn9no2,Horacio Palencia,Horacio Palencia,59,banda,12,banda
3zXsxf39Mj3d96u8Seopdd,Carlos Caro,Carlos Caro,22,sad sierreño;corrido,5,corridos
6pJPxDgaE0H343SrASnY9J,Yesan 雪山,Yesan 雪山,56,argentine trap;trap,1,trap
0Y3agQaa6g2r0YmHPOO9rh,Davido,Davido,76,afrobeats;afrobeat;afropop;afropiano;azonto;amapiano;hiplife;afroswing;afro r&b,3,afro
03ZdCrkA0RaY3tslOLbSTl,Paula Prieto,Paula Prieto,56,latin indie,1,
4V9bxYG2V2zVIt4nA8EbIc,1krazer,1krazer,13,,14,
1CLPoZyoqBo2z444JtmBAF,Lito y Polaco,Lito y Polaco,40,latin hip hop;reggaeton,4,trap;reggaeton
3D5AzlMCW0gCYlNvFANoEd,Mariachi Divas de Cindy Shea,Mariachi Divas de Cindy Shea,34,mariachi;ranchera,6,banda
0B2e3wwBBGGuCR2hPOG70C,Opi,Opi,7,raï,0,
4POeB6Dr0EsRigViBnsTgU,Fabianni,Fabianni,38,,8,
79ehGac6casNGvc5n8XL7J,Arón Piper,Arón Piper,46,chilean trap;reggaeton chileno,4,trap;reggaeton
0sBBxwOoorXakhmI8BVTC9,A Cien,A Cien,27,,4,
5UN0rzL594mWY2RbOtZqIN,Ptazeta,Ptazeta,54,,1,
0MSw8gYA4pujLZst10Zve8,JuicyNise,JuicyNise,50,argentine trap,14,trap
00XhexlJEXQstHimpZN910,Brytiago,Brytiago,76,trap latino;reggaeton;urbano latino;trap,0,trap;reggaeton
0DubQNvKAkkXWIIC2jImhU,Elsidechain,Elsidechain,35,argentine trap,1,trap
5MP9bH9aUryiKQeUvABLIU,A.B. Quintanilla III,A.B. Quintanilla III,59,tejano;cumbia;electrocumbia,12,banda;cumbia
6kq4GHwUcUojGIu0ziSNXf,Amenazzy,Amenazzy,65,trap latino;reggaeton;urbano latino;dembow,0,trap;reggaeton
4QVBYiagIaa6ZGSPMbybpy,Pedro Capó,Pedro Capó,67,latin pop;latin,3,latin
2F4frns4hNKyvqeueLq9Ze,CRTRAP OFICIAL,CRTRAP OFICIAL,42,argentine trap,1,trap
3c1sTwL4HuWkrciiKHpnmx,Sparrow & Barbossa,Sparrow & Barbossa,49,afro house;latin house;afro tech;tribal house,6,
71b9o7hUamjlxnBq4h7bdQ,Yailemm,Yailemm,27,,0,
3hK6sVmdFt15ORCDg503Yp,Said Norzagaray,Said Norzagaray,39,corridos bélicos;corrido;corridos tumbados;electro corridos,2,corridos
2zdRAu3PozCqPVqp8A4AtR,Joel Avila,Joel Avila,14,,12,
5Ln6VxkwRDdAH40Lel6Yj8,Nidia Gongora,Nidia Gongora,48,electrocumbia,4,cumbia
1vqR17Iv8VFdzure1TAXEq,LIT killah,LIT killah,71,argentine trap;trap latino;trap;urbano latino,1,trap
5F1lZDYOxfcsSMEHF28hdH,AXL,AXL,34,reggaeton mexa;electro corridos;dembow belico,12,reggaeton;corridos
3ptY5WTxu77JpAQQnHyxEl,Yandar & Yostin,Yandar & Yostin,56,reggaeton,4,reggaeton
4qDRNT8ldCfCjSp9lBzYC5,Joel De La P,Joel De La P,63,electro corridos;dembow belico;corrido;corridos bélicos;corridos tumbados,2,corridos;dembow
67s0oOKE73W45e5UawllhS,miguel cornejo,miguel cornejo,59,corrido;corridos bélicos;corridos tumbados;sad sierreño;electro corridos;sierreño,5,corridos
1fux65HMCBvfJHqlBc4Nno,Casper Magico,Casper Magico,70,trap latino;reggaeton;urbano latino,3,trap;reggaeton
0fEjMgQHvs06BQuWWzsbrn,Orodembow,Orodembow,52,argentine trap,1,trap
6C5H5G8EN1hu9N1wtOF5Wb,44 Kid,44 Kid,37,argentine trap;turreo;rkt,1,trap;rkt
4TAoP0f9OuWZUesao43xUW,Mr Eazi,Mr Eazi,63,afrobeats;afrobeat;afropop;azonto;afroswing;hiplife;ghanaian hip hop;dancehall,4,afro;dancehall
0TfGwoeA3ZBISVA6uJ34nB,BAJO WEST 1708,BAJO WEST 1708,24,argentine trap,1,trap
5O2rJN2gJncIfM5iNSNiYR,Delilah,Delilah,32,sad sierreño,6,corridos
5R3Hr2cnCCjt220Jmt2xLf,Dillon Francis,Dillon Francis,60,moombahton;edm;electro house,1,electronic
2tSneO7PgprETUeUA8NfDH,Manuel Rodriguez,Manuel Rodriguez,57,corridos bélicos;corrido;electro corridos;corridos tumbados;dembow belico,5,corridos;dembow
59eMWEcg6fxHRhWb5rJbtM,Sorry My Love,Sorry My Love,27,,1,
6tmdudtl1wM5WwTIqZX0WD,La Ventaja,La Ventaja,58,corrido;corridos bélicos;sierreño;banda,2,corridos;banda
46pWGuE3dSwY3bMMXGBvVS,Rema,Rema,78,afrobeats;afrobeat;afropop;afropiano,4,afro
4grLz6b5fajQS4gF7fq3eg,Nixto,Nixto,2,,0,
0NGAZxHanS9e0iNHpR8f2W,Alok,Alok,78,brazilian bass;electronic;slap house;electro house,2,electronic
6ISKc7ev3V4EGnEagkXexc,ROBI,ROBI,54,urbano latino,10,trap
5cTFbgW0bCLX6aqRgFGwso,Gallagher,Gallagher,33,italian trap;argentine trap,1,trap
5cDfQlhT80II3f2ECXm6oA,Chanell,Chanell,51,trap latino,10,trap
0b4EVanoJb8wkWF7QUA3uY,Sin Nombre,Sin Nombre,49,,4,
0c173mlxpT3dSFRgMO8XPh,Big Sean,Big Sean,76,,1,
40lro6xpFS9TxV2uC7yvs4,Leebrian,Leebrian,52,,1,
29rvPhemBdOLYdLr2xI8dr,Six Sex,Six Sex,56,neoperreo,1,experimental
0UWZUmn7sybxMCqrw9tGa7,Juanes,Juanes,77,latin pop;colombian pop;rock en español,12,latin;pop
38Zp4UKTgjSoGoto3WHBNr,"Jenny ""La Sexy Voz""","Jenny ""La Sexy Voz""",42,,0,
2QWIScpFDNxmS6ZEMIUvgm,Julieta Venegas,Julieta Venegas,76,latin pop;latin rock,4,latin
4dfJldGOpTXPBjw46bPzfx,Grupo H3,Grupo H3,6,corrido,2,corridos
59wfkuBoNyhDMQGCljbUbA,Diddy,Diddy,73,hip hop;east coast hip hop,3,hip hop
6JaOGIlSvYswVLPmGUheOO,GARABATTO,GARABATTO,58,,4,
3vXXs7JjWfPO0YHhDnj4SP,KARRAHBOOO,KARRAHBOOO,48,,8,
1QcutbFtA6u8A2ZFTZuLSL,Panda Black,Panda Black,70,,12,
2JW58Zzu11HCWLaMou9UGD,HERNAN TREJO,HERNAN TREJO,58,corridos tumbados;corrido;corridos bélicos;electro corridos;sad sierreño,2,corridos
4cYbf45YbZptNISnhay0xH,ROA,ROA,79,trap latino,3,trap
6fMZytDgX1Q9OV6ndSugym,Akapellah,Akapellah,64,latin hip hop,0,trap
0OROVBEZCocg0FcgJpyBse,Alex Sensation,Alex Sensation,54,reggaeton,4,reggaeton
3Apb2lGmGJaBmr0TTBJvIZ,Rusherking,Rusherking,66,argentine trap;cuarteto,1,trap;cumbia
1rTUwYS38LkQTlT2fhikch,Yung Beef,Yung Beef,78,neoperreo,3,experimental
2rmkQLzj0k4nZdQehOUByO,Chino Pacas,Chino Pacas,78,corrido;corridos tumbados;corridos bélicos;música mexicana,2,corridos;banda
5B2q0hvgjM3NbbKSmyylCQ,Wstuff,Wstuff,26,trap latino,3,trap
4IMAo2UQchVFyPH24PAjUs,Jowell & Randy,Jowell & Randy,73,reggaeton;urbano latino,0,reggaeton;trap
4ixNZvQuuzCDxBsxO9zE6L,Gonzy,Gonzy,62,,0,
0akwFJC217vsXvFRi0Ns8v,Divino,Divino,42,,4,
6jGMq4yGs7aQzuGsMgVgZR,Lil Tjay,Lil Tjay,77,brooklyn drill;melodic rap,3,hip hop
0mA4dkNGiN4fqTBi2SLlAv,Edgardo Nuñez,Edgardo Nuñez,75,corrido;corridos bélicos;corridos tumbados;sad sierreño;electro corridos;dembow belico;banda;sierreño;música mexicana,2,corridos;dembow
6cNWiizYLCClZdnIvqU968,AriBeatz,AriBeatz,48,german hip hop,3,
4bthk9UfsYUYdcFyqxmSUU,Tears For Fears,Tears For Fears,76,new wave;synthpop,1,
7uGhSk7fVURjDaiXW1FSbL,La Maquinaria Norteña,La Maquinaria Norteña,63,norteño-sax;norteño;cumbia norteña;música mexicana,12,banda
1cFbhpBwVwgOtTZWRqJCYZ,Kay Trashu,Kay Trashu,18,hyperpop,8,hyperpop
5C4PDR4LnhZTbVnKWXuDKD,Morat,Morat,81,colombian pop;latin pop,2,pop;latin
7xHUTO9cWJKX9ayS9CfMCz,Capo,Capo,46,electro corridos;corridos tumbados,2,corridos
2Atk4SWx7daQtItQBa735M,Yeri Mua,Yeri Mua,68,reggaeton mexa;electro corridos,8,reggaeton;corridos
5jNjbQYkujIbjSvvKroBlv,Subelo NEO,Subelo NEO,47,,9,
7a9gFzWS5uEHtbNNgA6xyM,D.OZi,D.OZi,53,reggaeton;trap latino,0,reggaeton;trap
2oCrGFAUJwBVFaaIM8c0AO,Depresión Sonora,Depresión Sonora,64,post-punk,8,
2o5jDhtHVPhrJdv3cEQ99Z,Tiësto,Tiësto,82,edm;trance;big room;house,2,electronic
48zixAu4wMDZwpVbOenDU7,Grupo Cañaveral De Humberto Pabón,Grupo Cañaveral De Humberto Pabón,66,cumbia;cumbia sonidera;salsa,12,cumbia;salsa
3ZmK2d3zzoV1X60GmJqLRt,Estrada,Estrada,14,,0,
2ylJfwCn0qxYK0SGf2D6py,Onyx Toca El Piano,Onyx Toca El Piano,41,trap latino,0,trap
2MRBDr0crHWE5JwPceFncq,Juan Gabriel,Juan Gabriel,80,mariachi;ranchera;bolero;música mexicana,12,banda
1tfhFc2Y8iplDKCteuXjCY,El Cherry Scom,El Cherry Scom,61,dembow,4,dembow
2x6kZekpNZMll7Uq3M6ar5,Hoke,Hoke,58,,4,
2eA8qotLYMUNzlnjL8blKT,Tru Comers,Tru Comers,46,boom bap;latin hip hop,4,hip hop;trap
2bMCqLC25iBaqp2gDYEgDT,Danay Suárez,Danay Suárez,41,latin hip hop,4,trap
0EocQPg9ycs21gcvaVm9hh,Joss Favela,Joss Favela,62,banda;norteño;sierreño;mariachi,12,banda;corridos
7G1pOSE6cde2iXenQsMMe3,TEDDY-O,TEDDY-O,35,afro house;latin house,0,
6v36LGGRNEleSpAd2zAeQL,Mks,Mks,36,argentine trap,1,trap
2TQ4CGgxxCWHqa9yYIGDoU,Big Soto,Big Soto,63,urbano latino;trap latino,4,trap
7kjSuFGKhLm8b5qXoMhRkJ,Libianca,Libianca,63,afrobeats;afrobeat,9,afro
7o7FisMfKqVaysG1CSIWrr,Cory,Cory,29,latin r&b,10,
6cC67GpmPCjQjOYLpmOGhN,Dani Ribba,Dani Ribba,54,argentine trap,1,trap
0JIXcgS9piddymxPskwpIq,Chyno,Chyno,2,,0,
5yOvAmpIR7hVxiS6Ls5DPO,Omah Lay,Omah Lay,76,afrobeats;afrobeat;afropop;afro r&b;afropiano;afro soul,9,afro
3UTF2no3muGdiFXVujl94i,Kapo,Kapo,80,latin afrobeats,4,afro
1xOk6ncnlNdMeSnLLLoMSa,Remp,Remp,58,electro corridos;dembow belico;corrido;corridos tumbados;corridos bélicos;reggaeton mexa;dembow,2,corridos;dembow
3Wb38LDP3N4tkobValgE9D,Juanka,Juanka,68,reggaeton chileno;reggaeton;neoperreo;trap latino,3,reggaeton;experimental
54seKvtsZauR1iauN0ptpo,De La Rose,De La Rose,80,,0,
6FOpWOxsjQxKEbLiJpU1xV,India Martinez,India Martinez,63,flamenco;flamenco pop,12,
5OugQZ3PqgRofo9mtzVYN3,ERRE,ERRE,44,sad sierreño;sierreño;corridos tumbados,2,corridos
0l6WgSoqo4UqeuXFKnTQRu,Aldo Trujillo,Aldo Trujillo,56,corrido;corridos bélicos;corridos tumbados;sierreño;banda;sad sierreño,2,corridos;banda
2FRfJyV85zb19tO6uiXBGl,sped up + slowed,sped up + slowed,64,,9,
6pztqmUqWADMZQKrrmGWGx,Pablo Lescano,Pablo Lescano,43,rkt;turreo;cumbia;electrocumbia,1,rkt;cumbia
14zUHaJZo1mnYtn6IBRaRP,Justin Quiles,Justin Quiles,79,reggaeton,0,reggaeton
4yjm4SvYqC5FFuLbB6TyHr,Bellakath,Bellakath,67,reggaeton mexa;reggaeton,2,reggaeton
348pk4o3EhKmsSahzuClSf,CA7RIEL,CA7RIEL,53,argentine trap,1,trap
1u6AXgo5qmg0tfY8rDP18Z,Juliito,Juliito,49,trap latino,4,trap
7ltDVBr6mKbRvohxheJ9h1,ROSALÍA,ROSALÍA,88,latin,4,latin
0y5H4Nr7bNWfBINIh8671t,Fresy Franklin,Fresy Franklin,20,trap latino,3,trap
5HeN1Iza4nZe03sFlonddz,Eugenio Esquivel,Eugenio Esquivel,61,electro corridos;dembow belico;corrido;corridos tumbados;corridos bélicos,5,corridos;dembow
4ZdPHdArIbz2GSBXkozQYC,Los Esquivel,Los Esquivel,61,electro corridos;dembow belico;corrido;corridos tumbados;corridos bélicos,5,corridos;dembow
5ImyiP3jzpqv7a5Ig63j13,Esteban Gabriel,Esteban Gabriel,38,corridos tumbados;corrido,2,corridos
6VOoiigTiLVgsMQPP1JOdC,Crissin,Crissin,52,reggaeton,4,reggaeton
1qto4hHid1P71emI6Fd8xi,Aventura,Aventura,81,bachata,4,bachata
2qbEtwBVyobgpNP5KcHE9J,Pusho,Pusho,61,reggaeton;trap latino,0,reggaeton;trap
4I9zVTnPvEI9OjajlRHRsK,Su Majestad Mi Banda el Mexicano de Casimiro,Su Majestad Mi Banda el Mexicano de Casimiro,4,,12,
0Y30TbA4p8SAfCzy2AFBa8,Yaviah,Yaviah,60,reggaeton,4,reggaeton
5EQuMf3chH4yv7UPEiVIxx,Campedrinos,Campedrinos,57,folklore argentino;chamamé,1,
4Ge9GwmWnOQsohwPTrXyHc,Gordo,Gordo,61,techengue;afro house;latin house,1,techengue
7vxA5cu6OOhhgIymjrqRaQ,Turo Pacas,Turo Pacas,38,corridos tumbados;corrido;corridos bélicos,2,corridos
0EmeFodog0BfCgMzAIvKQp,Shakira,Shakira,88,latin pop,2,latin
25uiPmTg16RbhZWAqwLBy5,Charli xcx,Charli xcx,84,hyperpop;art pop,8,hyperpop
1FxPMQ9A0882eNDx3ZkD6B,La T y La M,La T y La M,73,cumbia;cuarteto;rkt;turreo,1,cumbia;rkt
28gNT5KBp7IjEOQoevXf9N,Camilo,Camilo,80,colombian pop;pop urbano,9,pop;trap
7cYik4OyfBXYV5Z2TI7p90,FARIANA,FARIANA,55,dembow;urbano latino,0,dembow;trap
48vP5SxlTO6yOI7SLKIOQV,Obie Wanshot,Obie Wanshot,54,argentine trap;trap,1,trap
6Ip8FS7vWT1uKkJSweANQK,Dave,Dave,81,grime;uk grime;uk drill;drill,1,drill
4IndUOBCZYZg61557iq2A9,Maldy,Maldy,60,reggaeton,0,reggaeton
1PruL3P8slDEQAjSuOjuPd,Spiff TV,Spiff TV,57,bachata,9,bachata
4exLIFE8sISLr28sqG1qNX,Travis Barker,Travis Barker,67,rap rock,3,
0gNn4tpH0cKkJrGYhzCUxQ,3rajean,3rajean,23,hyperpop,8,hyperpop
4o3YJfgarCUSVyPH5HKRA5,Marlku,Marlku,38,argentine trap,1,trap
3RtNN1VnooWEn3KQk03DUL,Noriel,Noriel,79,trap latino;dembow;reggaeton;trap,1,trap;dembow
0V10XqRWsn8EGBwzCVAE7V,Legion RG,Legion RG,62,corrido;corridos bélicos;corridos tumbados,2,corridos
1ykothWH0xl8drRyJWuw7I,Ñejo & Dalmata,Ñejo & Dalmata,65,reggaeton,0,reggaeton
3MHaV05u0io8fQbZ2XPtlC,Prince Royce,Prince Royce,81,bachata;latin,4,bachata;latin
2v2UIkZpgupzvSNS9wicgV,Young Fatty,Young Fatty,67,,3,
5Y5TRrQiqgUO4S36tzjIRZ,Timbaland,Timbaland,82,,1,
5o7fmoqHl79fzoCzeApdxm,Sticky M.A.,Sticky M.A.,54,hyperpop,8,hyperpop
7lQ0RJHYziDXtTeu9Ef8Wm,DimeWest,DimeWest,35,trap latino,0,trap
3hHNp8Z01f4h9xtEoM4y3q,John Jay,John Jay,37,latin hip hop,0,trap
6E94QKXZv8BbO6QQJxcxLI,Daviles de Novelda,Daviles de Novelda,59,flamenco;flamenco urbano;flamenco pop,6,
4GP79lfzsxYXZn1HNu31Dj,Los Del Roble,Los Del Roble,37,sierreño;banda,12,corridos;banda
3u2W429W7BHf3rjbdHUir1,''El Obama'' Carlos Anderson,''El Obama'' Carlos Anderson,47,electro corridos;villancicos;sierreño;dembow belico;corridos bélicos,12,corridos;dembow
0XK6kT7xcZAlcYrNjOgzJe,Carla Morrison,Carla Morrison,73,latin indie,4,
0Ln3BisQiL0t2w7bsmju75,Maria Blaya,Maria Blaya,30,,8,
3BHSpo1fuUPXqRTsokxL6k,Jehza,Jehza,35,trap latino,0,trap
3bvfu2KAve4lPHrhEFDZna,Lola Indigo,Lola Indigo,66,,1,
5oNgAs7j5XcBMzWv3HAnHG,DJ Drama,DJ Drama,62,southern hip hop,3,hip hop
0my6Pg4I28dVcZLSpAkqhv,El Fantasma,El Fantasma,71,corrido;banda;norteño;corridos bélicos;sierreño;música mexicana;ranchera,2,corridos;banda
1A8aoDrchH5aefQYBCfpLv,Gabriela,Gabriela,35,,4,
42LEQxfXLEuzdqorKBbUVN,RaiNao,RaiNao,68,,4,
34QXLsWxq4VfVQFyUm4joW,Chyno Nyno,Chyno Nyno,6,,0,
4tm8CEdm4pkQsEh4jIr9Yp,Santa Fe Klan,Santa Fe Klan,75,mexican hip hop;latin hip hop,2,trap
680tleL97NcpJiib89V6UU,Esteban Rojas,Esteban Rojas,53,,0,
0y9rTsbpRAIIkDMP3DsNro,Novillos de la Sierra,Novillos de la Sierra,65,sierreño;corrido;corridos bélicos,2,corridos
1ZbuFVK9SeRYrZfQLkNzah,Treintisiete,Treintisiete,53,dembow,3,dembow
7c0XG5cIJTrrAgEC3ULPiq,Ty Dolla $ign,Ty Dolla $ign,83,trap soul,9,
6lYtvXvhIdDJno8v2SpPkG,Doctor Culichi,Doctor Culichi,27,banda,12,banda
0vZ2W0xkBCHRGNkb8seYtQ,Jesus Payan,Jesus Payan,29,corridos bélicos;corrido,2,corridos
2rAnv6brcXaglLZBB4XXEn,Nigo,Nigo,53,,2,
47G4aZmzN6mRtKCSoLoNDM,Endo,Endo,57,reggaeton chileno;chilean trap;chilean mambo;reggaeton;mambo,0,reggaeton;trap
0JfrGVffhKwF36QHW9HXOL,Shawny Binladen,Shawny Binladen,35,new york drill;brooklyn drill;sexy drill;drill,3,drill
4KXIxHcPgLB1xiPXZHlqxf,BCA,BCA,42,,4,
2Y6AtL4xQFvg8nroRM3ZV6,ODD MAMI,ODD MAMI,41,,8,
2T1aUibqR2QC2sINIDQOAK,Mambo Kingz,Mambo Kingz,77,reggaeton;trap latino,3,reggaeton;trap
5CLkLBa8amfsdvs6b1R7Cv,Alejandro Buelna,Alejandro Buelna,38,corridos tumbados;corrido;corridos bélicos;sad sierreño,5,corridos
4RrXHNX7VXByhbgW4ONITY,Og Black,Og Black,22,,15,
4N1DN2tcz5u6FqREo6JX9x,Krizous,Krizous,41,corridos tumbados,2,corridos
4FccNTUrqnomg0QubVw9bF,John Jay,John Jay,9,,0,
2sfOYs479VgaVHNPJKyG4n,BlueFire,BlueFire,47,,4,
5yYCc4KdgGsTDnOoSI45vj,Oscar Maydon,Oscar Maydon,54,corridos tumbados;corrido;corridos bélicos,2,corridos
77AiFEVeAVj2ORpC85QVJs,Steve Aoki,Steve Aoki,72,electro house;edm,2,electronic
2vZszD281Mt6bk3xL8Lhh1,Jr Torres,Jr Torres,34,corridos tumbados;corrido;corridos bélicos,2,corridos
2rMFPjySMqkgBajkLKL6zo,Lomiiel,Lomiiel,64,dembow,8,dembow
0QORPHk3wnOCjHpmDOZgfP,Alex Kyza,Alex Kyza,55,latin hip hop;latin r&b;trap latino,0,trap
7mXfsy3lF4kU0f2KTNKSr8,Corina Smith,Corina Smith,60,trap latino,1,trap
7LiVklVR1325BIOqD9kykr,CLMD,CLMD,44,,4,
7qGy8DUTeuBqoyN6gUf3gd,Mikey Barreneche,Mikey Barreneche,20,bass house,6,
6JoYL9QYbdgPb6EuE5J2pC,Gerardo Coronel,Gerardo Coronel,67,banda;sierreño;corrido;norteño;sad sierreño,12,banda;corridos
26ySWzeJU0Z7k3PIS1oMsB,Chencho,Chencho,23,reggaeton,0,reggaeton
6XFITTl7cFTdopDY3lUdlY,J Alvarez,J Alvarez,72,reggaeton;urbano latino,0,reggaeton;trap
2dlRleofo4idNGf8Ju9GTO,Travy Dev,Travy Dev,23,hyperpop,8,hyperpop
6w9ToX5slZ4uIdmD17hJ3c,Bryant Myers,Bryant Myers,82,trap latino;reggaeton;urbano latino;trap,3,trap;reggaeton
2OHKEe204spO7G7NcbeO2o,Ñejo,Ñejo,72,reggaeton,0,reggaeton
3QJzdZJYIAcoET1GcfpNGi,Damian Marley,Damian Marley,69,reggae;ragga;roots reggae,4,
3EiLUeyEcA6fbRPSHkG5kb,De La Ghetto,De La Ghetto,78,reggaeton;trap latino;urbano latino,0,reggaeton;trap
4GN1eZnMxHLMX8a7sBBbFc,Cuti y Roberto Carabajal,Cuti y Roberto Carabajal,52,folklore argentino;chamamé,1,
2biH2I1TvZlIIIc5W14oIJ,"Franco ""El Gorilla""","Franco ""El Gorilla""",65,reggaeton,0,reggaeton
6Gsh7oJoJ5EQUuQk0EhfWL,Malandro,Malandro,62,cumbia,1,cumbia
71scL1K5Nu1Z7FgBkg3Gjk,Tadu Vázquez,Tadu Vázquez,48,argentine trap,1,trap
3KedxarmBCyFBevnqQHy3P,Jessie Reyez,Jessie Reyez,69,,6,
0mYDDBNR5KCRC68CkmeOJB,Nathan Galante,Nathan Galante,49,banda;sierreño,12,banda;corridos
7e8ljvie31q2e5w5tgDnvD,Ele d,Ele d,37,,3,
23DYJsw4uSCguIqiTIDtcN,Southside,Southside,59,chicago drill,3,
3pkc0OK2BmkQKZNgsa8lOc,Joaqo,Joaqo,29,argentine trap,1,trap
5LeiVcEnsZcwc133TUhJNW,Belinda,Belinda,74,latin pop,2,latin
4Fw6S1XIDNuw6dutII4SsZ,Keko Musik,Keko Musik,47,reggaeton chileno,12,reggaeton
0Y5tJX1MQlPlqiwlOH1tJY,Travis Scott,Travis Scott,91,rap,4,hip hop
3J9eSTe3nQKjuMyoiO2XSi,Alejandro Armes,Alejandro Armes,45,,0,
2tYG2qpxONKldJ39D27Zbb,Alann Mora,Alann Mora,35,banda,12,banda
4IG1SDlwgNKzqTmjBrvY3K,Rei,Rei,62,argentine trap;rkt;turreo,1,trap;rkt
2zPvDg6LI6NHPQVQIESjfW,Lara91k,Lara91k,47,argentine trap,1,trap
5c1dsiPU62AjA50VwTPfoF,Big Deiv,Big Deiv,30,argentine trap,1,trap
59i796WO8u13nx3QHDCrF9,Los De La Huerta,Los De La Huerta,7,corrido;corridos bélicos,2,corridos
5f7VJjfbwm532GiveGC0ZK,Lil Baby,Lil Baby,88,,1,
2LmoZUme24SWelkOHXzacB,Manuelvezz,Manuelvezz,47,electro corridos;dembow belico;corrido;corridos tumbados;corridos bélicos;dembow,2,corridos;dembow
62QAb0gPUmewJ1MUvBFaYO,Los chuky,Los chuky,14,,8,
2e5kXDvESsDPMyuQZ0qouH,Shootter Ledo,Shootter Ledo,39,trap latino,4,trap
0sNvI8p4fuICGGH0pOCxUT,Eich,Eich,32,argentine trap,1,trap
5T35GKZx6gSnEm06244qCp,donniedarko,donniedarko,32,,1,
2sSGPbdZJkaSE2AbcGOACx,The Marías,The Marías,85,bedroom pop,4,
7Eu1txygG6nJttLHbZdQOh,Four Tet,Four Tet,62,idm;electronica,9,
6cnl6Jz97730GUS8zEAK77,Los Plebes del Rancho de Ariel Camacho,Los Plebes del Rancho de Ariel Camacho,70,banda;sierreño;corrido;norteño;música mexicana,12,banda;corridos
7awyvLSthqOcL5A3hnR1pf,Alex Gargolas,Alex Gargolas,65,reggaeton,3,reggaeton
6TASDj2ogOKQptnxgEvrcP,Jowell,Jowell,61,reggaeton,0,reggaeton
4CksTDKT5UHEUxHEEu6sBH,Diem BB,Diem BB,23,,0,
1mUJ5FdyqTx1UewE6z6imQ,Uziel Payan,Uziel Payan,40,corrido;corridos bélicos;sierreño,12,corridos
65jIUih0ZeTUJhSTRuYxpi,Omy de Oro,Omy de Oro,54,trap latino;urbano latino,0,trap
7slfeZO9LsJbWgpkIoXBUJ,Ricky Martin,Ricky Martin,74,latin pop;latin,4,latin
3j4R4YNDy0bqJ2io0ieObP,iseekarlo,iseekarlo,41,,8,
1NV0aHpx1XWBilmEFTPOSz,Junior Osorio,Junior Osorio,2,,0,
7Mu2VtGDLbzEvtGbc8i1Pl,Badguychapo,Badguychapo,52,corridos tumbados;electro corridos;corrido,2,corridos
5VKY4vo0U20tbsQi6OdH9o,Hanzel La H,Hanzel La H,63,trap latino,3,trap
6twEaJ9RPRYiCmWapjG8xh,Tony Aguirre,Tony Aguirre,66,corrido;corridos bélicos;corridos tumbados;sierreño;electro corridos,2,corridos
3tkILYz5xAd2Wq9lxeI9OW,Alejandro Fierro,Alejandro Fierro,42,electro corridos;corrido;sad sierreño,5,corridos
7FNnA9vBm6EKceENgCGRMb,Anitta,Anitta,81,brazilian pop;funk pop;brazilian funk;funk carioca,1,pop;funk brasileiro
0sISeGVb8SMEQGbI9DBfov,LA ÉLITE,LA ÉLITE,42,egg punk;indie punk,8,
4ofR6MCxBBYuXCGkiQLCpm,Boniface,Boniface,10,private school piano;amapiano,4,
4az97MtWmBQ5Db3GfDh9j9,Morad,Morad,80,,1,
6os1temnovzJIEGRUmn3fG,BNYX®,BNYX®,61,alté;rage rap,1,
6GI52t8N5F02MxU0g5U69P,Santana,Santana,72,,2,
7n2wHs1TKAczGzO7Dd2rGr,Shawn Mendes,Shawn Mendes,83,,4,
7ENXmnggvN0RX86PIdIfji,Elixir,Elixir,39,argentine trap,1,trap
4mPVIQNhAAWQ00jvzMv9E0,I-Ace,I-Ace,36,,8,
63X7mnpy2kfkDtltarrWD1,Sugarhill Ddot,Sugarhill Ddot,53,new york drill;drill,3,drill
06SF4BIHG5xinTaS2x59qG,keyblayde808,keyblayde808,28,hyperpop;glitch;cloud rap,8,hyperpop
4J13m9IZh03PEhoxAxRhXO,Gerardo Ortiz,Gerardo Ortiz,75,banda;corrido;norteño;sierreño;corridos bélicos;música mexicana,2,banda;corridos
3SUT1jjM5hzZj9TLfLZGIP,Tego Calderón,Tego Calderón,73,reggaeton;latin hip hop,3,reggaeton;trap
0uxYECT7XqHNccQAg5Uhe4,Nico Valdi,Nico Valdi,59,cumbia,3,cumbia
14CHVeJGrR5xgUGQFV5BVM,Fivio Foreign,Fivio Foreign,64,brooklyn drill;new york drill;drill;uk drill,1,drill
4toIblSAfEe7buSwNPRmaF,El Yaki,El Yaki,27,sierreño,2,corridos
1Qote9MpqMZluWzYGifZUg,Randy,Randy,49,reggaeton,0,reggaeton
5fUua1kfdZhAopUPazcdC5,Alto Linaje,Alto Linaje,51,corridos tumbados;corrido;corridos bélicos,2,corridos
62YF0FglEltB3CnVIjoko8,Ingratax,Ingratax,54,,1,
1c22GXH30ijlOfXhfLz9Df,Elvis Crespo,Elvis Crespo,69,merengue;latin dance;salsa;latin,0,merengue;salsa
2OhUNb01gLwygOizYvTm0e,Big One,Big One,67,argentine trap;cuarteto;cumbia,1,trap;cumbia
1Xyo4u8uXC1ZmMpatF05PJ,The Weeknd,The Weeknd,96,,4,
1112QrO6AoxnDFaksIbeN8,Mc,Mc,1,kompa,0,
1OBizG9nrnHJkrL9NjnWYN,Lucho SSJ,Lucho SSJ,61,argentine trap;trap;chilean trap,1,trap
7fq5dswPTNKcLD47Xhp9QX,ByMonkid,ByMonkid,38,,1,
1pPmIToKXyGdsCF6LmqLmI,Rich The Kid,Rich The Kid,66,trap,3,trap
3J0BpFVUc9LeOIVeN5uNhU,Lauren Jauregui,Lauren Jauregui,51,,4,
1r3tpVQ08jFAA2P4xzV5o4,Gaby Music,Gaby Music,59,,3,
5NenY2Jl9wwLRxf86go4Y8,Fran C,Fran C,61,reggaeton chileno;chilean trap;chilean mambo;mambo,12,reggaeton;trap
6XTGKOV9jceQ6f67lnhpbF,LATIN MAFIA,LATIN MAFIA,77,latin r&b,9,
5X8Uu9qHN3KXLH2Fws87LB,Anubiis,Anubiis,57,trap latino,0,trap
4Ng3fh1nc5L04iXPL8vqc7,Best,Best,53,reggaeton chileno;chilean trap;chilean mambo;mambo,0,reggaeton;trap
3AP96neoRZgep3w7wvhubP,Marconi Impara,Marconi Impara,59,trap latino,9,trap
6p2442ymrT9lZEuCZJdYcH,Ivy Queen,Ivy Queen,65,reggaeton,0,reggaeton
37MCoi4pcUf9EKsPXeuCqU,Tan Bionica,Tan Bionica,70,argentine rock,1,
1Db5GsIoVWYktPoD2nnPZZ,Gloria Trevi,Gloria Trevi,73,latin pop,12,latin
3MrDVzg7ZXaYMyQmbDInr7,WIU,WIU,73,brazilian trap;trap;trap funk;brazilian hip hop,1,trap
43C3LVD6x8GLvputT34r6T,Steve Lean,Steve Lean,57,,8,
5XQWXnMwsvuvCPMneXUbsy,Marcianeke,Marcianeke,63,reggaeton chileno;chilean trap;chilean mambo;mambo;rkt;guaracha;turreo,0,reggaeton;trap
0yqEvM2Huy4NWzhKK7hPFF,Nico Canada,Nico Canada,32,,0,
7sfl4Xt5KmfyDs2T3SVSMK,Lil Jon,Lil Jon,75,crunk,4,
6WDM3vQTsUQ4pMBUhAlHQv,Jorge Morales El Jilguero,Jorge Morales El Jilguero,37,corridos bélicos;corrido,2,corridos
0Zncosr79q01riJYbSBNA1,Turf,Turf,59,argentine rock,1,
3FvwVFWRyvxmLyVBO9nBmM,COLORS,COLORS,70,,1,
111WEufNVhB1lRCVHAqEve,José Mejía,José Mejía,55,corridos tumbados;sad sierreño;corrido;sierreño,2,corridos
5vJg40S7jbzIIe6kEkouwY,El Bala,El Bala,31,corrido;mariachi;corridos bélicos,12,corridos;banda
22dFwJoRBV51ue5TGnC7Dt,Beny Jr,Beny Jr,74,drill,1,drill
2FmE1yzXXBWKlRiOl0AqD8,Zecca,Zecca,41,argentine trap,1,trap
5zctI4wO9XSKS8XwcnqEHk,Lil Mosey,Lil Mosey,67,melodic rap,9,hip hop
6jPnjdXijpUoqWR4YTWDo3,Metalingüística,Metalingüística,35,freestyle;chilean trap,10,trap
6ElqtIfQsAkEYypgfJIjeK,DannyLux,DannyLux,72,sad sierreño;corridos tumbados;sierreño;corrido;música mexicana;electro corridos,2,corridos;banda
5xYNmNkaWRqu3e5F4UXME8,Alfredo Olivas,Alfredo Olivas,80,banda;corrido;norteño;sierreño;corridos bélicos,2,banda;corridos
5vLOlJcOKe9DfBC5LeLpSs,Lucas Arnau,Lucas Arnau,45,colombian pop;latin pop,10,pop;latin
1QBIsAL0onqKUjlO8Nl9IM,Alex Coppel,Alex Coppel,39,corridos bélicos,12,corridos
1RyvyyTE3xzB2ZywiAwp0i,Future,Future,91,rap,9,hip hop
5mbxtnt9L2GGY2ebz6Xdew,Jaque Mate,Jaque Mate,57,corrido;electro corridos;corridos bélicos;corridos tumbados;dembow belico,2,corridos;dembow
7j7bOkG9ZQncpAXyIJ2aUG,Delirious,Delirious,39,,0,
3Me35AWHCGqW4sZ7bWWJt1,Xavi,Xavi,78,corridos tumbados;corrido;corridos bélicos;sad sierreño;música mexicana;banda;sierreño,2,corridos;banda
6hoEOl9IznIMCpG5fyUS09,Djimon Hounsou,Djimon Hounsou,23,,16,
5RpxZNS91QBBvRCPqvGTKs,Glizzy Gvng,Glizzy Gvng,47,trap latino,3,trap
26XxGE8hLV1t9IYa8872lQ,Gianluca Vacchi,Gianluca Vacchi,45,latin house,4,
0jeYkqwckGJoHQhhXwgzk3,Cruz Cafuné,Cruz Cafuné,69,,4,
7yYwMLyDomWvLopr8vsJZK,Sabine,Sabine,23,,5,
1pgDilWYDWLoOgGjf1iHNu,Zion,Zion,76,reggaeton,0,reggaeton
5npvUMe1CGnIhTX7OaLGVV,Ulices Chaidez,Ulices Chaidez,60,banda;sierreño;corrido;música mexicana;norteño;sad sierreño,2,banda;corridos
0XwVARXT135rw8lyw1EeWP,Christian Nodal,Christian Nodal,80,banda;ranchera;mariachi;norteño;música mexicana;grupera,2,banda
1zNqQNIdeOUZHb8zbZRFMX,Swae Lee,Swae Lee,79,,9,
13IcxOeQD6jVtvtzCuDjX4,Amilkar Galaviz,Amilkar Galaviz,40,corridos tumbados;corrido;corridos bélicos,5,corridos
1y8spb5Thg0p5ybNtdk4tu,Jezzy,Jezzy,70,dembow,0,dembow
35oGZihZclGoTVuICPXRP9,Jere Klein,Jere Klein,77,reggaeton chileno;chilean mambo;chilean trap;mambo;rkt;reggaeton,12,reggaeton;mambo
7nuTWfojdN0o8d7NGDo71U,Lil Geniuz,Lil Geniuz,55,,10,
7vXDAI8JwjW531ouMGbfcp,TINI,TINI,78,latin pop,1,latin
08erObvNX7rs7d4pbuaRCQ,Di Genius,Di Genius,50,dancehall;soca;ragga,6,dancehall
2RdwBSPQiwcmiDo9kixcl8,Pharrell Williams,Pharrell Williams,81,,9,
4D75GcNG95ebPtNvoNVXhz,AFROJACK,AFROJACK,74,edm;big room,2,electronic
1ZMJSCQw8DIefcLb1FIpY0,Los Dareyes De La Sierra,Los Dareyes De La Sierra,80,corrido;corridos bélicos;corridos tumbados;sierreño;electro corridos;dembow belico;banda;música mexicana,2,corridos;dembow
5y1mXGApE4lshXA10gQ0S3,Jovaan,Jovaan,52,trap latino,10,trap
2QUvtLq6oQaX0LNsYY2fas,Cauty,Cauty,56,reggaeton;urbano latino,0,reggaeton;trap
0bUZrFj7rstq07E4iAJHgZ,KC Lights,KC Lights,50,house,6,
55ru5B05MMBunM1tvH7Di6,Valentino Merlo,Valentino Merlo,63,cuarteto;cumbia,1,cumbia
7yCGrS6Xh3UngvY6Ad5sMJ,LEGADO 7,LEGADO 7,68,corrido;corridos tumbados;corridos bélicos;sierreño;norteño;sad sierreño,2,corridos;banda
32Aw9aJJoXXC1Vn3zqzJbQ,TV Noise,TV Noise,32,bass house,6,
3hpawnHbN5R65xVPnhJPFY,Dyan,Dyan,40,argentine trap,1,trap
2IAxPmQzx2NuutHe7ta7gs,Bayron Fire,Bayron Fire,65,chilean mambo;reggaeton chileno;mambo;chilean trap,1,mambo;reggaeton
64KEffDW9EtZ1y2vBYgq8T,Marshmello,Marshmello,82,edm,10,electronic
60n2WytJgR3JHkeqJxZQrm,Foking,Foking,48,argentine trap,1,trap
5Q81rlcTFh3k6DQJXPdsot,Mura Masa,Mura Masa,60,,6,
4WtortRM2EgZ8np6mwrnc2,Ovy On the Drums,Ovy On the Drums,51,,4,
5iZfdXW7Tr4Th4MuqFeyIh,Julia Michaels,Julia Michaels,20,,6,
1DxLCyH42yaHKGK3cl5bvG,Maria Becerra,Maria Becerra,80,argentine trap,0,trap
3nmaO18tcMzfrrR7sdJHnH,Drenchill,Drenchill,53,slap house,4,
5uwa6tAMMfNbBFIHiI6NV4,W Sound,W Sound,75,,12,
0bcZsLQV8MCeU0ylWbw23p,Aqua VS,Aqua VS,54,chilean trap;reggaeton chileno;chilean mambo,1,trap;reggaeton
4ArPQ1Opcksbbf3CPwEjWE,Emilee,Emilee,57,,4,
0qHbO3z6lgLE6ZYCkQBo1K,Lil Supa,Lil Supa,59,latin hip hop,4,trap
2ayNSoKPCRAfjp6hQ76hRu,Nacho,Nacho,64,reggaeton;latin,4,reggaeton;latin
2tYwhzzfvvDr29BbBFcHhB,Arthur Hanlon,Arthur Hanlon,52,villancicos,3,
5hdhHgpxyniooUiQVaPxQ0,Nio Garcia,Nio Garcia,69,reggaeton,3,reggaeton
10yoMUJRhiYQXeSBqyckcK,Meño Segovia,Meño Segovia,39,banda;norteño,12,banda
18dspUI6gqabm5XCC2RcUD,SOG,SOG,68,reggaeton,4,reggaeton
1WMwuNKzEFtU6pPkdtryYS,Kendo Kaponi,Kendo Kaponi,68,trap latino;reggaeton,0,trap;reggaeton
2wkoKEfS6dXwThbyTnZWFU,Mau y Ricky,Mau y Ricky,68,latin pop;reggaeton;pop urbano,4,latin;reggaeton
5dHeVV4GJVmQwEWqqOuB8v,Juanchito,Juanchito,52,sad sierreño;corrido;corridos tumbados;corridos bélicos;sierreño,2,corridos
4VVEpEhC8NcR7AqNEds42U,Chimbala,Chimbala,66,dembow,0,dembow
2IKdK6PbitvCiXt1t2bPU6,Mesita,Mesita,59,rkt;turreo;argentine trap;trap,1,rkt;trap
128ftF9X7Kd7Di2fq3wYVs,Jamby El Favo,Jamby El Favo,67,trap latino,10,trap
1yxSLGMDHlW21z4YXirZDS,Black Eyed Peas,Black Eyed Peas,83,,4,
2Gxaf60UDXKrmcIhEjULSk,Davus,Davus,44,,1,
4nDoRrQiYLoBzwC5BhVJzF,Camila Cabello,Camila Cabello,81,,0,
40XLXsvXDPJuQ6adeK9zh7,Max Peraza,Max Peraza,62,banda,12,banda
014WIDx7H4BRCHB1faiisK,Los Tucanes De Tijuana,Los Tucanes De Tijuana,76,corrido;norteño;cumbia norteña;música mexicana;banda;ranchera,12,corridos;banda
3L3OkLK1GPNoYh649m3nh7,DJ Saot ST,DJ Saot ST,34,,4,
1uaiSMIzlh2Y6Fx4bC1c6s,Los G4,Los G4,51,trap latino,10,trap
31W5EY0aAly4Qieq6OFu6I,A Boogie Wit da Hoodie,A Boogie Wit da Hoodie,80,melodic rap,1,hip hop
0MoaBi6dSquXp6rrlqlF8R,Buscabulla,Buscabulla,61,latin indie,4,
70u0ytxL7TpF1Kdc2HFyM2,Alex Torres,Alex Torres,60,corrido;corridos bélicos;corridos tumbados;electro corridos,2,corridos
2f0j8IhXgOli2Ub2amAiUZ,Midnvght,Midnvght,62,trap latino,0,trap
1iblTHYdU8q8t8nH4sHl8A,Franux BB,Franux BB,43,rkt;turreo;argentine trap,1,rkt;trap
5Y3MV9DZ0d87NnVm56qSY1,Tiago PZK,Tiago PZK,76,argentine trap;urbano latino,1,trap
4Wcscw7z9AAE6y7qWdIAin,Dylan Fuentes,Dylan Fuentes,49,latin afrobeats,4,afro
2HPaUgqeutzr3jx5a9WyDV,PARTYNEXTDOOR,PARTYNEXTDOOR,85,dark r&b;r&b;trap soul,4,
5CAruGjgds3QlF5ICtEnnc,Jairo Vera,Jairo Vera,68,reggaeton chileno;chilean mambo;chilean trap;mambo;guaracha,1,reggaeton;mambo
1y6tVxTqgNfqxTayfohSKJ,Lucho RK,Lucho RK,72,,4,
7DzqOghrDEW0vlJxZXaeLj,Julieta,Julieta,45,,8,
4a0UP5sUQGKcn2QJnqMT0t,Tonny Tun Tun,Tonny Tun Tun,58,reggaeton;merengue,0,reggaeton;merengue
61SktdmRAfMcOEv4eQBqwf,Haze,Haze,50,,0,
4DMkrFIqGXLycc4YLYTn1i,Tiagz,Tiagz,62,dembow belico;electro corridos,4,dembow;corridos
39hfuTf4PHfnHgIl0QBDGL,AKRIILA,AKRIILA,64,neoperreo;chilean trap;reggaeton chileno,1,experimental;trap
2jF8vkWrLA8GPPwMcnvhSr,Angel Almaguer,Angel Almaguer,65,electro corridos;dembow belico;corrido;corridos tumbados;corridos bélicos,5,corridos;dembow
3WUe8ADT5d65WeByR3ubl7,Vanessa Mai,Vanessa Mai,55,schlager;schlagerparty;german pop,6,
3TKCdsX8yNNoiC1gesn6or,RONNY J,RONNY J,50,argentine trap,1,trap
5qPRgWcEOGRzoIST0sHAiI,Angel Dior,Angel Dior,52,dembow,4,dembow
3A4wpNVgD1v07jIbFQBVTr,Jimmy Guzman,Jimmy Guzman,66,electro corridos;dembow belico;corrido;corridos tumbados,5,corridos;dembow
17SY5q1CMOZJBRuPcKWwPI,J Abdiel,J Abdiel,66,,0,
4PzYKhC14sTJNEr0dzoo0d,Luísa Sonza,Luísa Sonza,74,brazilian pop;funk pop;brazilian funk,1,pop;funk brasileiro
4Esb8jfP35nF3O85C0jgKC,Gadiel,Gadiel,47,reggaeton,4,reggaeton
4boI7bJtmB1L3b1cuL75Zr,Mon Laferte,Mon Laferte,80,latin alternative,9,latin
3ScIigEm9KZUrUQtXzBmKJ,Cozy Cuz,Cozy Cuz,53,electro corridos;dembow belico;mexican hip hop,2,corridos;dembow
3vohGR9Ee8zkl7UpgPLGT9,Radamel,Radamel,51,,1,
3k9GPiGAtIAOfnfzzy3XQp,Estevie,Estevie,44,sad sierreño,2,corridos
0T8Ix53aIN4F7aEKj4EnKy,Jasiel Nuñez,Jasiel Nuñez,75,corridos tumbados;corrido;sad sierreño;corridos bélicos;música mexicana,2,corridos;banda
2H5XfIuAQCXmaIDm7vcViA,Benji La Maldita Escritura De Oro,Benji La Maldita Escritura De Oro,44,reggaeton chileno;chilean mambo;chilean trap;mambo,12,reggaeton;mambo
0k7Xl1pqI3tu8sSEjo5oEg,Paul Wall,Paul Wall,65,southern hip hop;crunk,4,hip hop
7pPXGzCvbBcNABfCfb66bL,Mejiias,Mejiias,20,hyperpop,8,hyperpop
5QdEbQJ3ylBnc3gsIASAT5,G Herbo,G Herbo,73,chicago drill;drill,3,drill
0bslv0fksKPyiH3LQqHagi,Zell,Zell,62,argentine trap,1,trap
55IzEzlyUcBFqGgyam2Seo,Underaiki,Underaiki,47,hyperpop,8,hyperpop
3Z4dagwEl134FhOVlYvjt5,SOMBRA PR,SOMBRA PR,57,trap latino,3,trap
5CA5IqbsFr4hpNLdjgO0BU,DJ Tao,DJ Tao,63,rkt;turreo;guaracha;cumbia,1,rkt;cumbia
2RON3ZWvFVAHpiJA74KNHj,La Exce,La Exce,44,trap latino,0,trap
0j8QSBQZ9MNSGjHr1Vll1R,Natalia Jiménez,Natalia Jiménez,64,mariachi;ranchera,12,banda
2CCgb0KApjfQDuTppovpf8,Rvfv,Rvfv,72,flamenco urbano;flamenco,1,
03y4yOxhLk6MDJ1bV424uO,Lavern,Lavern,61,stutter house,6,
0ssx5sZQzc1nZZF2Ks8qXZ,Grupo Maximo Grado,Grupo Maximo Grado,66,corrido;corridos bélicos;norteño;sierreño;banda;corridos tumbados,2,corridos;banda
0Jo06O68y5JjVgiPbAR9Ox,Agarrate Catalina,Agarrate Catalina,46,murga;candombe,1,
